CREATE TABLE "auth_group" ("id" serial PRIMARY KEY , "name" varchar(150) NOT NULL UNIQUE);
CREATE TABLE "auth_group_permissions" ("id" serial PRIMARY KEY , "group_id" integer NOT NULL REFERENCES "auth_group" ("id") DEFERRABLE INITIALLY DEFERRED, "permission_id" integer NOT NULL REFERENCES "auth_permission" ("id") DEFERRABLE INITIALLY DEFERRED);
CREATE TABLE "auth_permission" ("id" serial PRIMARY KEY , "content_type_id" integer NOT NULL REFERENCES "django_content_type" ("id") DEFERRABLE INITIALLY DEFERRED, "codename" varchar(100) NOT NULL, "name" varchar(255) NOT NULL);
INSERT INTO "auth_permission" VALUES(1,1,'add_logentry','Can add log entry');
INSERT INTO "auth_permission" VALUES(2,1,'change_logentry','Can change log entry');
INSERT INTO "auth_permission" VALUES(3,1,'delete_logentry','Can delete log entry');
INSERT INTO "auth_permission" VALUES(4,1,'view_logentry','Can view log entry');
INSERT INTO "auth_permission" VALUES(5,2,'add_permission','Can add permission');
INSERT INTO "auth_permission" VALUES(6,2,'change_permission','Can change permission');
INSERT INTO "auth_permission" VALUES(7,2,'delete_permission','Can delete permission');
INSERT INTO "auth_permission" VALUES(8,2,'view_permission','Can view permission');
INSERT INTO "auth_permission" VALUES(9,3,'add_group','Can add group');
INSERT INTO "auth_permission" VALUES(10,3,'change_group','Can change group');
INSERT INTO "auth_permission" VALUES(11,3,'delete_group','Can delete group');
INSERT INTO "auth_permission" VALUES(12,3,'view_group','Can view group');
INSERT INTO "auth_permission" VALUES(13,4,'add_contenttype','Can add content type');
INSERT INTO "auth_permission" VALUES(14,4,'change_contenttype','Can change content type');
INSERT INTO "auth_permission" VALUES(15,4,'delete_contenttype','Can delete content type');
INSERT INTO "auth_permission" VALUES(16,4,'view_contenttype','Can view content type');
INSERT INTO "auth_permission" VALUES(17,5,'add_session','Can add session');
INSERT INTO "auth_permission" VALUES(18,5,'change_session','Can change session');
INSERT INTO "auth_permission" VALUES(19,5,'delete_session','Can delete session');
INSERT INTO "auth_permission" VALUES(20,5,'view_session','Can view session');
INSERT INTO "auth_permission" VALUES(21,6,'add_rank','Can add rank');
INSERT INTO "auth_permission" VALUES(22,6,'change_rank','Can change rank');
INSERT INTO "auth_permission" VALUES(23,6,'delete_rank','Can delete rank');
INSERT INTO "auth_permission" VALUES(24,6,'view_rank','Can view rank');
INSERT INTO "auth_permission" VALUES(25,7,'add_user','Can add user');
INSERT INTO "auth_permission" VALUES(26,7,'change_user','Can change user');
INSERT INTO "auth_permission" VALUES(27,7,'delete_user','Can delete user');
INSERT INTO "auth_permission" VALUES(28,7,'view_user','Can view user');
INSERT INTO "auth_permission" VALUES(29,8,'add_attempt','Can add attempt');
INSERT INTO "auth_permission" VALUES(30,8,'change_attempt','Can change attempt');
INSERT INTO "auth_permission" VALUES(31,8,'delete_attempt','Can delete attempt');
INSERT INTO "auth_permission" VALUES(32,8,'view_attempt','Can view attempt');
INSERT INTO "auth_permission" VALUES(33,9,'add_attemptanswer','Can add attempt answer');
INSERT INTO "auth_permission" VALUES(34,9,'change_attemptanswer','Can change attempt answer');
INSERT INTO "auth_permission" VALUES(35,9,'delete_attemptanswer','Can delete attempt answer');
INSERT INTO "auth_permission" VALUES(36,9,'view_attemptanswer','Can view attempt answer');
INSERT INTO "auth_permission" VALUES(37,10,'add_attemptquestion','Can add attempt question');
INSERT INTO "auth_permission" VALUES(38,10,'change_attemptquestion','Can change attempt question');
INSERT INTO "auth_permission" VALUES(39,10,'delete_attemptquestion','Can delete attempt question');
INSERT INTO "auth_permission" VALUES(40,10,'view_attemptquestion','Can view attempt question');
INSERT INTO "auth_permission" VALUES(41,11,'add_exam','Can add exam');
INSERT INTO "auth_permission" VALUES(42,11,'change_exam','Can change exam');
INSERT INTO "auth_permission" VALUES(43,11,'delete_exam','Can delete exam');
INSERT INTO "auth_permission" VALUES(44,11,'view_exam','Can view exam');
INSERT INTO "auth_permission" VALUES(45,12,'add_question','Can add question');
INSERT INTO "auth_permission" VALUES(46,12,'change_question','Can change question');
INSERT INTO "auth_permission" VALUES(47,12,'delete_question','Can delete question');
INSERT INTO "auth_permission" VALUES(48,12,'view_question','Can view question');
INSERT INTO "auth_permission" VALUES(49,13,'add_option','Can add option');
INSERT INTO "auth_permission" VALUES(50,13,'change_option','Can change option');
INSERT INTO "auth_permission" VALUES(51,13,'delete_option','Can delete option');
INSERT INTO "auth_permission" VALUES(52,13,'view_option','Can view option');
CREATE TABLE "django_admin_log" ("id" serial PRIMARY KEY , "object_id" text NULL, "object_repr" varchar(200) NOT NULL, "action_flag" smallint  NOT NULL CHECK ("action_flag" >= 0), "change_message" text NOT NULL, "content_type_id" integer NULL REFERENCES "django_content_type" ("id") DEFERRABLE INITIALLY DEFERRED, "user_id" bigint NOT NULL REFERENCES "users_user" ("id") DEFERRABLE INITIALLY DEFERRED, "action_time" timestamp with time zone NOT NULL);
CREATE TABLE "django_content_type" ("id" serial PRIMARY KEY , "app_label" varchar(100) NOT NULL, "model" varchar(100) NOT NULL);
INSERT INTO "django_content_type" VALUES(1,'admin','logentry');
INSERT INTO "django_content_type" VALUES(2,'auth','permission');
INSERT INTO "django_content_type" VALUES(3,'auth','group');
INSERT INTO "django_content_type" VALUES(4,'contenttypes','contenttype');
INSERT INTO "django_content_type" VALUES(5,'sessions','session');
INSERT INTO "django_content_type" VALUES(6,'users','rank');
INSERT INTO "django_content_type" VALUES(7,'users','user');
INSERT INTO "django_content_type" VALUES(8,'exams','attempt');
INSERT INTO "django_content_type" VALUES(9,'exams','attemptanswer');
INSERT INTO "django_content_type" VALUES(10,'exams','attemptquestion');
INSERT INTO "django_content_type" VALUES(11,'exams','exam');
INSERT INTO "django_content_type" VALUES(12,'exams','question');
INSERT INTO "django_content_type" VALUES(13,'exams','option');
CREATE TABLE "django_migrations" ("id" serial PRIMARY KEY , "app" varchar(255) NOT NULL, "name" varchar(255) NOT NULL, "applied" timestamp with time zone NOT NULL);
INSERT INTO "django_migrations" VALUES(1,'contenttypes','0001_initial','2026-03-03 14:01:48.267111');
INSERT INTO "django_migrations" VALUES(2,'contenttypes','0002_remove_content_type_name','2026-03-03 14:01:48.304727');
INSERT INTO "django_migrations" VALUES(3,'auth','0001_initial','2026-03-03 14:01:48.360193');
INSERT INTO "django_migrations" VALUES(4,'auth','0002_alter_permission_name_max_length','2026-03-03 14:01:48.388315');
INSERT INTO "django_migrations" VALUES(5,'auth','0003_alter_user_email_max_length','2026-03-03 14:01:48.410117');
INSERT INTO "django_migrations" VALUES(6,'auth','0004_alter_user_username_opts','2026-03-03 14:01:48.431545');
INSERT INTO "django_migrations" VALUES(7,'auth','0005_alter_user_last_login_null','2026-03-03 14:01:48.453222');
INSERT INTO "django_migrations" VALUES(8,'auth','0006_require_contenttypes_0002','2026-03-03 14:01:48.462659');
INSERT INTO "django_migrations" VALUES(9,'auth','0007_alter_validators_add_error_messages','2026-03-03 14:01:48.493299');
INSERT INTO "django_migrations" VALUES(10,'auth','0008_alter_user_username_max_length','2026-03-03 14:01:48.515926');
INSERT INTO "django_migrations" VALUES(11,'auth','0009_alter_user_last_name_max_length','2026-03-03 14:01:48.544288');
INSERT INTO "django_migrations" VALUES(12,'auth','0010_alter_group_name_max_length','2026-03-03 14:01:48.583860');
INSERT INTO "django_migrations" VALUES(13,'auth','0011_update_proxy_permissions','2026-03-03 14:01:48.609932');
INSERT INTO "django_migrations" VALUES(14,'auth','0012_alter_user_first_name_max_length','2026-03-03 14:01:48.639242');
INSERT INTO "django_migrations" VALUES(15,'users','0001_initial','2026-03-03 14:01:48.697123');
INSERT INTO "django_migrations" VALUES(16,'admin','0001_initial','2026-03-03 14:01:48.748577');
INSERT INTO "django_migrations" VALUES(17,'admin','0002_logentry_remove_auto_add','2026-03-03 14:01:48.799179');
INSERT INTO "django_migrations" VALUES(18,'admin','0003_logentry_add_action_flag_choices','2026-03-03 14:01:48.827882');
INSERT INTO "django_migrations" VALUES(19,'exams','0001_initial','2026-03-03 14:01:48.872284');
INSERT INTO "django_migrations" VALUES(20,'exams','0002_initial','2026-03-03 14:01:49.171556');
INSERT INTO "django_migrations" VALUES(21,'sessions','0001_initial','2026-03-03 14:01:49.213032');
INSERT INTO "django_migrations" VALUES(22,'exams','0003_exam_is_enabled','2026-03-04 16:19:24.279901');
INSERT INTO "django_migrations" VALUES(23,'users','0002_remove_user_dni','2026-03-04 16:32:52.429089');
INSERT INTO "django_migrations" VALUES(24,'users','0003_user_dni','2026-03-04 16:34:05.194038');
INSERT INTO "django_migrations" VALUES(25,'exams','0004_remove_question_correct_option_and_more','2026-03-05 14:52:27.853678');
INSERT INTO "django_migrations" VALUES(26,'exams','0005_attemptanswer_selected_options_and_more','2026-03-05 15:05:40.182645');
INSERT INTO "django_migrations" VALUES(27,'exams','0006_alter_attemptanswer_unique_together','2026-03-05 15:17:00.813782');
CREATE TABLE "django_session" ("session_key" varchar(40) NOT NULL PRIMARY KEY, "session_data" text NOT NULL, "expire_date" timestamp with time zone NOT NULL);
INSERT INTO "django_session" VALUES('0ruz7j72mu297p5g4s5uetn33abfa3hu','.eJxVjEEOwiAQRe_C2pABChKX7j0DGZgZqRqalHZlvLtt0oVu33v_v1XCdalp7TynkdRFGXX6ZRnLk9su6IHtPukytWUes94TfdiubxPx63q0fwcVe93W0UVxLAyS2XGIUWxGyAyRyLI3Z9mQuMABrWVn_ADeQiEsQzAFsvp8AQgWOIk:1vxQZU:6cfu27R4i91SOO_47gfcN7f6YOUUH1vD0fVO03To2V4','2026-03-17 14:18:00.587098');
INSERT INTO "django_session" VALUES('in7h6dyj0c6u2m01l6vv7vzxgko0nxqm','.eJxVjEEOwiAQRe_C2pABChKX7j0DGZgZqRqalHZlvLtt0oVu33v_v1XCdalp7TynkdRFGXX6ZRnLk9su6IHtPukytWUes94TfdiubxPx63q0fwcVe93W0UVxLAyS2XGIUWxGyAyRyLI3Z9mQuMABrWVn_ADeQiEsQzAFsvp8AQgWOIk:1vxQZn:OUuFufK19EYZP9GnqkAak6P1HETwPR1vQCth7l5lY_0','2026-03-17 14:18:19.702738');
INSERT INTO "django_session" VALUES('7ooptdjz9h9y5koodwzvj9gzrcftw25f','.eJxVjEEOwiAQRe_C2pABChKX7j0DGZgZqRqalHZlvLtt0oVu33v_v1XCdalp7TynkdRFGXX6ZRnLk9su6IHtPukytWUes94TfdiubxPx63q0fwcVe93W0UVxLAyS2XGIUWxGyAyRyLI3Z9mQuMABrWVn_ADeQiEsQzAFsvp8AQgWOIk:1vxQq0:pKwQ0Io1HGxNjyMVbBOylPLkfibSrDMcihh7zS5EQLw','2026-03-17 14:35:04.544496');
INSERT INTO "django_session" VALUES('54qrjrpm5agg6tl0yceh1xtqjnvucot2','.eJxVjEEOwiAQRe_C2hCGagGX7j0DGWYGqRpISrsy3l2bdKHb_977LxVxXUpcu8xxYnVWoA6_W0J6SN0A37HemqZWl3lKelP0Tru-NpbnZXf_Dgr28q2NB-fFGJctix3JDGBohMAWkCzlHLLNpwToiMNRBmQHGQMO4hywR_X-AN0jOFU:1vxQuT:7ZseK9vkHmGkeSbU9Nx_Unxyx4H5KVdR2r2x52EzX5U','2026-03-17 14:39:41.543390');
INSERT INTO "django_session" VALUES('ylsg0y8trzn8siyxt32v6acx6tk9upuz','.eJxVjEEOwiAQRe_C2hCGagGX7j0DGWYGqRpISrsy3l2bdKHb_977LxVxXUpcu8xxYnVWoA6_W0J6SN0A37HemqZWl3lKelP0Tru-NpbnZXf_Dgr28q2NB-fFGJctix3JDGBohMAWkCzlHLLNpwToiMNRBmQHGQMO4hywR_X-AN0jOFU:1vxR3I:fe_t9B2Gs-ZsF8575dY1ZsxJvM43DqwT7PBhwk-Qap4','2026-03-17 14:48:48.596875');
INSERT INTO "django_session" VALUES('9rqnp1o87jpxcrz7brdeikxevzd56viu','.eJxVjEEOwiAQRe_C2hCGagGX7j0DGWYGqRpISrsy3l2bdKHb_977LxVxXUpcu8xxYnVWoA6_W0J6SN0A37HemqZWl3lKelP0Tru-NpbnZXf_Dgr28q2NB-fFGJctix3JDGBohMAWkCzlHLLNpwToiMNRBmQHGQMO4hywR_X-AN0jOFU:1vxR9Q:cYsd7yrWIwRpNIJ0txrYJk5QUnb_39391iTp1uZ28wM','2026-03-17 14:55:08.491169');
INSERT INTO "django_session" VALUES('bfqikfh60qjvij34hcczaiyglt5439zj','.eJxVjEEOwiAQRe_C2hCGagGX7j0DGWYGqRpISrsy3l2bdKHb_977LxVxXUpcu8xxYnVWoA6_W0J6SN0A37HemqZWl3lKelP0Tru-NpbnZXf_Dgr28q2NB-fFGJctix3JDGBohMAWkCzlHLLNpwToiMNRBmQHGQMO4hywR_X-AN0jOFU:1vxRMN:EIinCYUW5UFgSZ71a5alTsMDe-6-xTk1b_ejhzQwqWU','2026-03-17 15:08:31.896008');
INSERT INTO "django_session" VALUES('5i63faprhofgm4m4djn5fddq03xhg1ob','.eJxVjEEOwiAQRe_C2hCGagGX7j0DGWYGqRpISrsy3l2bdKHb_977LxVxXUpcu8xxYnVWoA6_W0J6SN0A37HemqZWl3lKelP0Tru-NpbnZXf_Dgr28q2NB-fFGJctix3JDGBohMAWkCzlHLLNpwToiMNRBmQHGQMO4hywR_X-AN0jOFU:1vxTso:s-7ADFljcqTu1MJKYqQ-ugqCSxTmpu-vlUEG16rLf0E','2026-03-17 17:50:10.887450');
INSERT INTO "django_session" VALUES('fqoqnrzo9fkqjz5lry4pvxbwgtplf594','.eJxVjEEOwiAQRe_C2hCGagGX7j0DGWYGqRpISrsy3l2bdKHb_977LxVxXUpcu8xxYnVWoA6_W0J6SN0A37HemqZWl3lKelP0Tru-NpbnZXf_Dgr28q2NB-fFGJctix3JDGBohMAWkCzlHLLNpwToiMNRBmQHGQMO4hywR_X-AN0jOFU:1vxTzc:MQq1M65iDTiLsMCcRTO22oEBrJUD9F6u2gAhCoeeaDg','2026-03-17 17:57:12.337703');
INSERT INTO "django_session" VALUES('tmkgayqp25fjzzyjpcvtrtquy3plwlfa','.eJxVjEEOwiAQRe_C2hCGagGX7j0DGWYGqRpISrsy3l2bdKHb_977LxVxXUpcu8xxYnVWoA6_W0J6SN0A37HemqZWl3lKelP0Tru-NpbnZXf_Dgr28q2NB-fFGJctix3JDGBohMAWkCzlHLLNpwToiMNRBmQHGQMO4hywR_X-AN0jOFU:1vxUJw:kT8GOrUCZs0UQWAQW_WBgN5D9YU9Qz73QW9ypaB6bNg','2026-03-17 18:18:12.390699');
INSERT INTO "django_session" VALUES('hmxzhe3z5c7ncyaiatxnqob3hpfxj6ub','.eJxVjEEOwiAQRe_C2hCGagGX7j0DGWYGqRpISrsy3l2bdKHb_977LxVxXUpcu8xxYnVWoA6_W0J6SN0A37HemqZWl3lKelP0Tru-NpbnZXf_Dgr28q2NB-fFGJctix3JDGBohMAWkCzlHLLNpwToiMNRBmQHGQMO4hywR_X-AN0jOFU:1vxmu0:gOTgNpjnqqKNNm7JM29bpuCJ43iLaBXuazFj9FAOE60','2026-03-18 14:08:40.959420');
INSERT INTO "django_session" VALUES('yncfgkjwoag7n5h809fwy3clv5qa86ga','.eJxVjEEOwiAQRe_C2hCGagGX7j0DGWYGqRpISrsy3l2bdKHb_977LxVxXUpcu8xxYnVWoA6_W0J6SN0A37HemqZWl3lKelP0Tru-NpbnZXf_Dgr28q2NB-fFGJctix3JDGBohMAWkCzlHLLNpwToiMNRBmQHGQMO4hywR_X-AN0jOFU:1vxmvM:8AQXpj4YoO43MnUtFWmSeJ8gjFg1SwJE5hBOVaMf6HY','2026-03-18 14:10:04.189376');
INSERT INTO "django_session" VALUES('hwhvhejjjusit6jrly86afuxrnizvpb7','.eJxVjEEOwiAQRe_C2hCGagGX7j0DGWYGqRpISrsy3l2bdKHb_977LxVxXUpcu8xxYnVWoA6_W0J6SN0A37HemqZWl3lKelP0Tru-NpbnZXf_Dgr28q2NB-fFGJctix3JDGBohMAWkCzlHLLNpwToiMNRBmQHGQMO4hywR_X-AN0jOFU:1vxnD3:JEFuto2_JTEgbHnlcCUMnVz0kqOpzuje981QNvLzI34','2026-03-18 14:28:21.974822');
INSERT INTO "django_session" VALUES('s4v9547zfuhs5mqdo4s40jn8qv3jt6ed','.eJxVjEEOwiAQRe_C2hCGagGX7j0DGWYGqRpISrsy3l2bdKHb_977LxVxXUpcu8xxYnVWoA6_W0J6SN0A37HemqZWl3lKelP0Tru-NpbnZXf_Dgr28q2NB-fFGJctix3JDGBohMAWkCzlHLLNpwToiMNRBmQHGQMO4hywR_X-AN0jOFU:1vxnGt:64iFT9RT5IDszmQqtVvyWZjd-d0QAe8k1MqGVVcUQrY','2026-03-18 14:32:19.244400');
INSERT INTO "django_session" VALUES('oesugzqf68p5gr9z8wwzskulkolg6f30','.eJxVjEEOwiAQRe_C2hCGagGX7j0DGWYGqRpISrsy3l2bdKHb_977LxVxXUpcu8xxYnVWoA6_W0J6SN0A37HemqZWl3lKelP0Tru-NpbnZXf_Dgr28q2NB-fFGJctix3JDGBohMAWkCzlHLLNpwToiMNRBmQHGQMO4hywR_X-AN0jOFU:1vxnIH:uHjRvGtsLL12-WXJexcFUUtyPQRdYIwcaVeFwqWOQiE','2026-03-18 14:33:45.883611');
INSERT INTO "django_session" VALUES('6khp1m5o67jky46z5ff8mtn0xpppnjlt','.eJxVjEEOwiAQRe_C2hCGagGX7j0DGWYGqRpISrsy3l2bdKHb_977LxVxXUpcu8xxYnVWoA6_W0J6SN0A37HemqZWl3lKelP0Tru-NpbnZXf_Dgr28q2NB-fFGJctix3JDGBohMAWkCzlHLLNpwToiMNRBmQHGQMO4hywR_X-AN0jOFU:1vxnN1:JKlLwvvM2QZQQJjlA_UWcG0_M_yAbm8KkQlBP8R_Zcc','2026-03-18 14:38:39.431057');
INSERT INTO "django_session" VALUES('63xr6xyrj0tcod95inklgible5azl5fi','.eJxVjEEOwiAQRe_C2hCGagGX7j0DGWYGqRpISrsy3l2bdKHb_977LxVxXUpcu8xxYnVWoA6_W0J6SN0A37HemqZWl3lKelP0Tru-NpbnZXf_Dgr28q2NB-fFGJctix3JDGBohMAWkCzlHLLNpwToiMNRBmQHGQMO4hywR_X-AN0jOFU:1vxnTi:JLgCkbrnJCfkEDBGxJpKpIMT1sOPGnMAXEVqNiLP-KQ','2026-03-18 14:45:34.742828');
INSERT INTO "django_session" VALUES('pylnyah6ojfgjlu4q7bqf4wig1xoq817','.eJxVjEEOwiAQRe_C2hCGagGX7j0DGWYGqRpISrsy3l2bdKHb_977LxVxXUpcu8xxYnVWoA6_W0J6SN0A37HemqZWl3lKelP0Tru-NpbnZXf_Dgr28q2NB-fFGJctix3JDGBohMAWkCzlHLLNpwToiMNRBmQHGQMO4hywR_X-AN0jOFU:1vxncA:gSsYYMA4jn4rbu35e2P7THFcanINxTdrRx2ek566fSI','2026-03-18 14:54:18.588815');
INSERT INTO "django_session" VALUES('c2inf04gof5b07tne4jal86w91gwgiy0','.eJxVjEEOwiAQRe_C2hCGagGX7j0DGWYGqRpISrsy3l2bdKHb_977LxVxXUpcu8xxYnVWoA6_W0J6SN0A37HemqZWl3lKelP0Tru-NpbnZXf_Dgr28q2NB-fFGJctix3JDGBohMAWkCzlHLLNpwToiMNRBmQHGQMO4hywR_X-AN0jOFU:1vxncF:L4DKcIkPYBSVD9E8l_bYVBKfH76tzGZehE15DT2YsPs','2026-03-18 14:54:23.272035');
INSERT INTO "django_session" VALUES('adhu0a10b8r7hkzsemlkg2ce4snsytsv','.eJxVjEEOwiAQRe_C2hCGagGX7j0DGWYGqRpISrsy3l2bdKHb_977LxVxXUpcu8xxYnVWoA6_W0J6SN0A37HemqZWl3lKelP0Tru-NpbnZXf_Dgr28q2NB-fFGJctix3JDGBohMAWkCzlHLLNpwToiMNRBmQHGQMO4hywR_X-AN0jOFU:1vxncK:1oFJw-Qa8u-yatWWLZmn7WJssxXvokJxok2uQ05ILWQ','2026-03-18 14:54:28.375741');
INSERT INTO "django_session" VALUES('ip4u1kyohhkgeuinorvlgepd6f1sjqov','.eJxVjEEOwiAQRe_C2hCGagGX7j0DGWYGqRpISrsy3l2bdKHb_977LxVxXUpcu8xxYnVWoA6_W0J6SN0A37HemqZWl3lKelP0Tru-NpbnZXf_Dgr28q2NB-fFGJctix3JDGBohMAWkCzlHLLNpwToiMNRBmQHGQMO4hywR_X-AN0jOFU:1vxncT:Gj1PdcAtzZsYroXhuusFFoi2rmk7QGKz3rb3hNs1H1E','2026-03-18 14:54:37.676578');
INSERT INTO "django_session" VALUES('5xrm1sxque9oqdwfol3cwi3robe2gel5','.eJxVjEEOwiAQRe_C2hCGagGX7j0DGWYGqRpISrsy3l2bdKHb_977LxVxXUpcu8xxYnVWoA6_W0J6SN0A37HemqZWl3lKelP0Tru-NpbnZXf_Dgr28q2NB-fFGJctix3JDGBohMAWkCzlHLLNpwToiMNRBmQHGQMO4hywR_X-AN0jOFU:1vxo2E:fRLPaA6beupeLlFUc-_99Kb0xdnGIdGSr5hPoGwBnkw','2026-03-18 15:21:14.087146');
INSERT INTO "django_session" VALUES('yx6dvjhz8p5qns8cln8jocn4w26z12io','.eJxVjEEOwiAQRe_C2hCGagGX7j0DGWYGqRpISrsy3l2bdKHb_977LxVxXUpcu8xxYnVWoA6_W0J6SN0A37HemqZWl3lKelP0Tru-NpbnZXf_Dgr28q2NB-fFGJctix3JDGBohMAWkCzlHLLNpwToiMNRBmQHGQMO4hywR_X-AN0jOFU:1vxo6J:1RFIbQ4gNPZRCHHpk4_cf9hF3PfdMU561zajbE-Kv38','2026-03-18 15:25:27.676807');
INSERT INTO "django_session" VALUES('86095zvu8m8m8u0suk0sgozhbx2ics3b','.eJxVjEEOwiAQRe_C2hCGagGX7j0DGWYGqRpISrsy3l2bdKHb_977LxVxXUpcu8xxYnVWoA6_W0J6SN0A37HemqZWl3lKelP0Tru-NpbnZXf_Dgr28q2NB-fFGJctix3JDGBohMAWkCzlHLLNpwToiMNRBmQHGQMO4hywR_X-AN0jOFU:1vxoBJ:WW2uReueZ0pVc0VTAx42Asdx3qHkX0Hx6EuD8aya4n4','2026-03-18 15:30:37.118910');
INSERT INTO "django_session" VALUES('g5dpiwk71g23eeszs3bcoml7d61pgdu7','.eJxVjEEOwiAQRe_C2hCGagGX7j0DGWYGqRpISrsy3l2bdKHb_977LxVxXUpcu8xxYnVWoA6_W0J6SN0A37HemqZWl3lKelP0Tru-NpbnZXf_Dgr28q2NB-fFGJctix3JDGBohMAWkCzlHLLNpwToiMNRBmQHGQMO4hywR_X-AN0jOFU:1vxoBO:xJhOhvWFrpTh7TM-0Y0clfO1LpPAAJ-6VRlGaMjTtlo','2026-03-18 15:30:42.659225');
INSERT INTO "django_session" VALUES('stnkmqb9sijaiez6dfy8gj5p8jez1hdq','.eJxVjEEOwiAQRe_C2hCGagGX7j0DGWYGqRpISrsy3l2bdKHb_977LxVxXUpcu8xxYnVWoA6_W0J6SN0A37HemqZWl3lKelP0Tru-NpbnZXf_Dgr28q2NB-fFGJctix3JDGBohMAWkCzlHLLNpwToiMNRBmQHGQMO4hywR_X-AN0jOFU:1vxoBU:JrQ_95lWHX4gqVsQJD5amtgogm5YXt5cTRuJVDCo39A','2026-03-18 15:30:48.815941');
INSERT INTO "django_session" VALUES('plvgd93qurr6qvibxqhuj7cp746dpdi3','.eJxVjEEOwiAQRe_C2hCGagGX7j0DGWYGqRpISrsy3l2bdKHb_977LxVxXUpcu8xxYnVWoA6_W0J6SN0A37HemqZWl3lKelP0Tru-NpbnZXf_Dgr28q2NB-fFGJctix3JDGBohMAWkCzlHLLNpwToiMNRBmQHGQMO4hywR_X-AN0jOFU:1vxoEH:DNy8q2yqePIQuP_r7TOU2_NBxm5aXvz_JFNwns6pNSY','2026-03-18 15:33:41.140754');
INSERT INTO "django_session" VALUES('nmtsfgb6pkuh0a85t69f7tywyrdo02hw','.eJxVjEEOwiAQRe_C2hCGagGX7j0DGWYGqRpISrsy3l2bdKHb_977LxVxXUpcu8xxYnVWoA6_W0J6SN0A37HemqZWl3lKelP0Tru-NpbnZXf_Dgr28q2NB-fFGJctix3JDGBohMAWkCzlHLLNpwToiMNRBmQHGQMO4hywR_X-AN0jOFU:1vxoEO:DRXYQMnJ2HTo01CMqg1xHs98WSa_N6oMULViK2AkoNQ','2026-03-18 15:33:48.164362');
INSERT INTO "django_session" VALUES('37hbij3cgwc0bcukdav0swx4br7att3y','.eJxVjEEOwiAQRe_C2hCGagGX7j0DGWYGqRpISrsy3l2bdKHb_977LxVxXUpcu8xxYnVWoA6_W0J6SN0A37HemqZWl3lKelP0Tru-NpbnZXf_Dgr28q2NB-fFGJctix3JDGBohMAWkCzlHLLNpwToiMNRBmQHGQMO4hywR_X-AN0jOFU:1vxoEe:av-h974SKPtZ2-WNRtpqV46FcTVdgzhyUqTsYpeIdxA','2026-03-18 15:34:04.910151');
INSERT INTO "django_session" VALUES('17qjren0pjuntanvkyflme8ksa1rdwds','.eJxVjEEOwiAQRe_C2hCGagGX7j0DGWYGqRpISrsy3l2bdKHb_977LxVxXUpcu8xxYnVWoA6_W0J6SN0A37HemqZWl3lKelP0Tru-NpbnZXf_Dgr28q2NB-fFGJctix3JDGBohMAWkCzlHLLNpwToiMNRBmQHGQMO4hywR_X-AN0jOFU:1vxoIM:aSfm0fZNVe7knr2PpGymNoQf4aA81ysjMbyS8EDsbXQ','2026-03-18 15:37:54.870889');
INSERT INTO "django_session" VALUES('flsfsaronqjyezfiv15oo9e5moirmy8d','.eJxVjEEOwiAQRe_C2hCGagGX7j0DGWYGqRpISrsy3l2bdKHb_977LxVxXUpcu8xxYnVWoA6_W0J6SN0A37HemqZWl3lKelP0Tru-NpbnZXf_Dgr28q2NB-fFGJctix3JDGBohMAWkCzlHLLNpwToiMNRBmQHGQMO4hywR_X-AN0jOFU:1vxoRi:K4j3DIuAL6TZPf5HIaPPwieoBWzpqLmFl3T7__VB3Nc','2026-03-18 15:47:34.197648');
INSERT INTO "django_session" VALUES('7vsgmb2xzgtolw3ypzqgavwa48bvt4s6','.eJxVjEEOwiAQRe_C2hCGagGX7j0DGWYGqRpISrsy3l2bdKHb_977LxVxXUpcu8xxYnVWoA6_W0J6SN0A37HemqZWl3lKelP0Tru-NpbnZXf_Dgr28q2NB-fFGJctix3JDGBohMAWkCzlHLLNpwToiMNRBmQHGQMO4hywR_X-AN0jOFU:1vxoUp:KPY1j_xCqqdQ2pvGzSiYd-ClJQFwjeVRMYcIPRpR5V8','2026-03-18 15:50:47.902231');
INSERT INTO "django_session" VALUES('p7f42bee36vy8vcpg4hd842l9chkw6ou','.eJxVjEEOwiAQRe_C2hCGagGX7j0DGWYGqRpISrsy3l2bdKHb_977LxVxXUpcu8xxYnVWoA6_W0J6SN0A37HemqZWl3lKelP0Tru-NpbnZXf_Dgr28q2NB-fFGJctix3JDGBohMAWkCzlHLLNpwToiMNRBmQHGQMO4hywR_X-AN0jOFU:1vxoad:5nPxGX5Wx_3AsT6LZj3nQG3EGjXeQSicO1eipwCkMYY','2026-03-18 15:56:47.653522');
INSERT INTO "django_session" VALUES('kef64azfpcj0b2zzxyl4v5fst7qv92m1','.eJxVjEEOwiAQRe_C2hCGagGX7j0DGWYGqRpISrsy3l2bdKHb_977LxVxXUpcu8xxYnVWoA6_W0J6SN0A37HemqZWl3lKelP0Tru-NpbnZXf_Dgr28q2NB-fFGJctix3JDGBohMAWkCzlHLLNpwToiMNRBmQHGQMO4hywR_X-AN0jOFU:1vxocI:-RNaKRjn1CBKVIbhJ7fpsbuM03xZx7gQgeZuEXytG68','2026-03-18 15:58:30.640245');
INSERT INTO "django_session" VALUES('f03jo915vwbrfkg7nzwy7kvwh04v8q2c','.eJxVjEEOwiAQRe_C2hCGagGX7j0DGWYGqRpISrsy3l2bdKHb_977LxVxXUpcu8xxYnVWoA6_W0J6SN0A37HemqZWl3lKelP0Tru-NpbnZXf_Dgr28q2NB-fFGJctix3JDGBohMAWkCzlHLLNpwToiMNRBmQHGQMO4hywR_X-AN0jOFU:1vxowG:O_n0ALAshdFsMQci4aGySGA1hCI74XBllTlYRkVbYcA','2026-03-18 16:19:08.364139');
INSERT INTO "django_session" VALUES('643kz87k1nneb03ooryo09rasnwfz00t','.eJxVjEEOwiAQRe_C2hCGagGX7j0DGWYGqRpISrsy3l2bdKHb_977LxVxXUpcu8xxYnVWoA6_W0J6SN0A37HemqZWl3lKelP0Tru-NpbnZXf_Dgr28q2NB-fFGJctix3JDGBohMAWkCzlHLLNpwToiMNRBmQHGQMO4hywR_X-AN0jOFU:1vxoyf:KUcXPMRIEWdZH2ysZ8sf-TGH8GTIaYC5IGvSD9Q8Vfo','2026-03-18 16:21:37.810132');
INSERT INTO "django_session" VALUES('5sg3zicf501j8cge3dpcsvv4ikvbmjqy','.eJxVjEEOwiAQRe_C2hCGagGX7j0DGWYGqRpISrsy3l2bdKHb_977LxVxXUpcu8xxYnVWoA6_W0J6SN0A37HemqZWl3lKelP0Tru-NpbnZXf_Dgr28q2NB-fFGJctix3JDGBohMAWkCzlHLLNpwToiMNRBmQHGQMO4hywR_X-AN0jOFU:1vxoyo:nhSKIDvjvXn3SnPAKumduemy7UtJ-ojLwrQxH1WXKjE','2026-03-18 16:21:46.527773');
INSERT INTO "django_session" VALUES('lv2s50179g1p9u42keaft05zhdx6tnsg','.eJxVjEEOwiAQRe_C2hCGagGX7j0DGWYGqRpISrsy3l2bdKHb_977LxVxXUpcu8xxYnVWoA6_W0J6SN0A37HemqZWl3lKelP0Tru-NpbnZXf_Dgr28q2NB-fFGJctix3JDGBohMAWkCzlHLLNpwToiMNRBmQHGQMO4hywR_X-AN0jOFU:1vxp2D:Mg9YgwFRDfsU4eJz7ty7UYXzKxYHEWgdsKRLH1Z3IGo','2026-03-18 16:25:17.014234');
INSERT INTO "django_session" VALUES('2fwkfy3ervegiqz95tysu6njg1dqio2n','.eJxVjEEOwiAQRe_C2hCGagGX7j0DGWYGqRpISrsy3l2bdKHb_977LxVxXUpcu8xxYnVWoA6_W0J6SN0A37HemqZWl3lKelP0Tru-NpbnZXf_Dgr28q2NB-fFGJctix3JDGBohMAWkCzlHLLNpwToiMNRBmQHGQMO4hywR_X-AN0jOFU:1vxp3J:VOcYyapXGRgJqhjSUGY5SysRq3orK7DSnCwhf96i0Yw','2026-03-18 16:26:25.702618');
INSERT INTO "django_session" VALUES('p4mho7kodxo8u3333tfvpwbheh2k9ttk','.eJxVjDkOwjAUBe_iGlmJd1PScwbrLzYOIEeKkwpxd4iUAto3M-8lEmxrTVvPS5pYnIUTp98NgR657YDv0G6zpLmty4RyV-RBu7zOnJ-Xw_07qNDrtw4YfNHeRAvo4hDYZwUwaka2qMhYjTq4jDDQyN44FYzKGkyIhQpZJd4f54E4DA:1vxpCg:M0Pycaj8x0nnWiVyfOmQ5E4GtANuZaS_qDT5F4r301o','2026-03-18 16:36:06.504572');
INSERT INTO "django_session" VALUES('mractspaddvbkaxgz3z6mi1lhwxmdiu9','.eJxVjDEOgzAQBP_iOrLANphLmZ43WHe-c0wSYQlDFeXvAYkiKbbZmd23CritOWxVljCxuiqvLr8dYXzKfAB-4HwvOpZ5XSbSh6JPWvVYWF630_07yFjzvoaBOxcTWxQgRPEDOyEQBtqD6FwPLRuDjWsTeYrYNQkNp96STQzq8wUsZTm8:1vxpE2:j1ZEoH8R3erUNQ62pcWnulL3eP4vlrOyDffjkAFwSH0','2026-03-18 16:37:30.399720');
INSERT INTO "django_session" VALUES('k0x7jfac96jzj9qpta68aaly30zs8pk7','.eJxVjDkOwjAUBe_iGlmJd1PScwbrLzYOIEeKkwpxd4iUAto3M-8lEmxrTVvPS5pYnIUTp98NgR657YDv0G6zpLmty4RyV-RBu7zOnJ-Xw_07qNDrtw4YfNHeRAvo4hDYZwUwaka2qMhYjTq4jDDQyN44FYzKGkyIhQpZJd4f54E4DA:1vxpF0:KFuz5Alal7I1nZsD70NBGcyJnXoiV0HvBUCZ6Igpiy4','2026-03-18 16:38:30.232798');
INSERT INTO "django_session" VALUES('c93hh8jg399ou4i1k1sdcl084epwn2v6','.eJxVjDkOwjAUBe_iGlmJd1PScwbrLzYOIEeKkwpxd4iUAto3M-8lEmxrTVvPS5pYnIUTp98NgR657YDv0G6zpLmty4RyV-RBu7zOnJ-Xw_07qNDrtw4YfNHeRAvo4hDYZwUwaka2qMhYjTq4jDDQyN44FYzKGkyIhQpZJd4f54E4DA:1vxpPz:miOeW30_oQDd1jsP3pZslnNx1J8_dqDhagvLcGtRpDg','2026-03-18 16:49:51.552388');
INSERT INTO "django_session" VALUES('l6l5w56oulr2x7wzrz294wpvz8up801u','.eJxVjDEOgzAQBP_iOrLANphLmZ43WHe-c0wSYQlDFeXvAYkiKbbZmd23CritOWxVljCxuiqvLr8dYXzKfAB-4HwvOpZ5XSbSh6JPWvVYWF630_07yFjzvoaBOxcTWxQgRPEDOyEQBtqD6FwPLRuDjWsTeYrYNQkNp96STQzq8wUsZTm8:1vxpQG:4OQ_tDSYkmfp7puXA4YKCkaStQ5T2Cq1TOThOh_fNVs','2026-03-18 16:50:08.787293');
INSERT INTO "django_session" VALUES('ll01iv8idn81y0kinl1i2dc2iasfw1hd','.eJxVjDEOgzAQBP_iOrLANphLmZ43WHe-c0wSYQlDFeXvAYkiKbbZmd23CritOWxVljCxuiqvLr8dYXzKfAB-4HwvOpZ5XSbSh6JPWvVYWF630_07yFjzvoaBOxcTWxQgRPEDOyEQBtqD6FwPLRuDjWsTeYrYNQkNp96STQzq8wUsZTm8:1vy8y3:ShBRji-ujrkuLXyMRjiAgsNFoAMoitz1E-X-YE_cklo','2026-03-19 13:42:19.064614');
INSERT INTO "django_session" VALUES('zfci3tylaiuee1n08bq0dai9vspxz5d3','.eJxVjDEOgzAQBP_iOrLANphLmZ43WHe-c0wSYQlDFeXvAYkiKbbZmd23CritOWxVljCxuiqvLr8dYXzKfAB-4HwvOpZ5XSbSh6JPWvVYWF630_07yFjzvoaBOxcTWxQgRPEDOyEQBtqD6FwPLRuDjWsTeYrYNQkNp96STQzq8wUsZTm8:1vy90p:7OZsJxjBywPpOooM88nCB3bEyJgTbtI8Ys3ZnBzyxPY','2026-03-19 13:45:11.275562');
INSERT INTO "django_session" VALUES('kn18klqog4biasgc7710li457bmh1tyf','.eJxVjDEOgzAQBP_iOrLANphLmZ43WHe-c0wSYQlDFeXvAYkiKbbZmd23CritOWxVljCxuiqvLr8dYXzKfAB-4HwvOpZ5XSbSh6JPWvVYWF630_07yFjzvoaBOxcTWxQgRPEDOyEQBtqD6FwPLRuDjWsTeYrYNQkNp96STQzq8wUsZTm8:1vy91B:A1MDF7FrqgG_Xv8_SJE3KLdGplshirg7rk7f8RRgkYU','2026-03-19 13:45:33.126309');
INSERT INTO "django_session" VALUES('gidkrmhq6z7610l02zb0a611k4r71ezn','.eJxVjDkOwjAUBe_iGlmJd1PScwbrLzYOIEeKkwpxd4iUAto3M-8lEmxrTVvPS5pYnIUTp98NgR657YDv0G6zpLmty4RyV-RBu7zOnJ-Xw_07qNDrtw4YfNHeRAvo4hDYZwUwaka2qMhYjTq4jDDQyN44FYzKGkyIhQpZJd4f54E4DA:1vy91N:pu3_KEJTOo6lcRNdwftWmxQWCsSf-Qyr0P3YtPR3RkU','2026-03-19 13:45:45.807324');
INSERT INTO "django_session" VALUES('lhnqomqwfrd5yxmat0k5srg5cmxdbqc4','.eJxVjDkOwjAUBe_iGlmJd1PScwbrLzYOIEeKkwpxd4iUAto3M-8lEmxrTVvPS5pYnIUTp98NgR657YDv0G6zpLmty4RyV-RBu7zOnJ-Xw_07qNDrtw4YfNHeRAvo4hDYZwUwaka2qMhYjTq4jDDQyN44FYzKGkyIhQpZJd4f54E4DA:1vy95V:kpxgQWr5kjfOnSE2bvdj0U9_mPV8JcgTwTqBEiA_F8A','2026-03-19 13:50:01.232203');
INSERT INTO "django_session" VALUES('gnevdse2pt8h8853lxgvt4o1m55bypih','.eJxVjDEOgzAQBP_iOrLANphLmZ43WHe-c0wSYQlDFeXvAYkiKbbZmd23CritOWxVljCxuiqvLr8dYXzKfAB-4HwvOpZ5XSbSh6JPWvVYWF630_07yFjzvoaBOxcTWxQgRPEDOyEQBtqD6FwPLRuDjWsTeYrYNQkNp96STQzq8wUsZTm8:1vy973:2kOWy5S-H9Tvy0ZSKdHBj3gWAgiAxLC9brQ9chZSkkw','2026-03-19 13:51:37.225568');
INSERT INTO "django_session" VALUES('1djp6yb3rcrm1e6v2kz7a5uvz16dn269','.eJxVjDEOgzAQBP_iOrLANphLmZ43WHe-c0wSYQlDFeXvAYkiKbbZmd23CritOWxVljCxuiqvLr8dYXzKfAB-4HwvOpZ5XSbSh6JPWvVYWF630_07yFjzvoaBOxcTWxQgRPEDOyEQBtqD6FwPLRuDjWsTeYrYNQkNp96STQzq8wUsZTm8:1vy97C:CiNE4mgcU_ipU2tW6rleDve2NTOuu8cYCppbJc5hGwY','2026-03-19 13:51:46.386256');
INSERT INTO "django_session" VALUES('vcbhw1ye757w2p1cr0y4liwckmxruzhx','.eJxVjDkOwjAUBe_iGlmJd1PScwbrLzYOIEeKkwpxd4iUAto3M-8lEmxrTVvPS5pYnIUTp98NgR657YDv0G6zpLmty4RyV-RBu7zOnJ-Xw_07qNDrtw4YfNHeRAvo4hDYZwUwaka2qMhYjTq4jDDQyN44FYzKGkyIhQpZJd4f54E4DA:1vy97H:YbIY8AMSQTsJN9EBRBA90ccwOzkkz-Cevmr7yW1mu-o','2026-03-19 13:51:51.930118');
INSERT INTO "django_session" VALUES('s4569zlss7xhdjg5in3zla5eals00swo','.eJxVjDEOgzAQBP_iOrLANphLmZ43WHe-c0wSYQlDFeXvAYkiKbbZmd23CritOWxVljCxuiqvLr8dYXzKfAB-4HwvOpZ5XSbSh6JPWvVYWF630_07yFjzvoaBOxcTWxQgRPEDOyEQBtqD6FwPLRuDjWsTeYrYNQkNp96STQzq8wUsZTm8:1vy9AH:BlBJFhyw0SxRuOJdmE9G4gWXZsQsshnDWgFSbNUJVt0','2026-03-19 13:54:57.730412');
INSERT INTO "django_session" VALUES('sfvaurhwvdb9v9fyd807uz9mb1b5vhc9','.eJxVjDkOwjAUBe_iGlmJd1PScwbrLzYOIEeKkwpxd4iUAto3M-8lEmxrTVvPS5pYnIUTp98NgR657YDv0G6zpLmty4RyV-RBu7zOnJ-Xw_07qNDrtw4YfNHeRAvo4hDYZwUwaka2qMhYjTq4jDDQyN44FYzKGkyIhQpZJd4f54E4DA:1vy9Cv:2g6QXi9Eq2RKZQBhcNUp_zReQNKUOJENSVezZQLo3-8','2026-03-19 13:57:41.499153');
INSERT INTO "django_session" VALUES('ubxih51qbipqaik6nd5i0uprruq0kby5','.eJxVjDEOgzAQBP_iOrLANphLmZ43WHe-c0wSYQlDFeXvAYkiKbbZmd23CritOWxVljCxuiqvLr8dYXzKfAB-4HwvOpZ5XSbSh6JPWvVYWF630_07yFjzvoaBOxcTWxQgRPEDOyEQBtqD6FwPLRuDjWsTeYrYNQkNp96STQzq8wUsZTm8:1vy9EI:ywjq6nIVVtpBp-CTHcWm_Wsh7rKVFhb7Kus521KJoc0','2026-03-19 13:59:06.380277');
INSERT INTO "django_session" VALUES('7keus2yq07qkh25cazc93eooty32ptfc','.eJxVjDkOwjAUBe_iGlmJd1PScwbrLzYOIEeKkwpxd4iUAto3M-8lEmxrTVvPS5pYnIUTp98NgR657YDv0G6zpLmty4RyV-RBu7zOnJ-Xw_07qNDrtw4YfNHeRAvo4hDYZwUwaka2qMhYjTq4jDDQyN44FYzKGkyIhQpZJd4f54E4DA:1vy9ET:_a_z3ZF3-Z2WjXBrnF_3NxGbug742gvLUXk-xdsYoOE','2026-03-19 13:59:17.950133');
INSERT INTO "django_session" VALUES('7qzysoea2nf6ro45umx8e5mgbvki4cnz','.eJxVjDEOgzAQBP_iOrLANphLmZ43WHe-c0wSYQlDFeXvAYkiKbbZmd23CritOWxVljCxuiqvLr8dYXzKfAB-4HwvOpZ5XSbSh6JPWvVYWF630_07yFjzvoaBOxcTWxQgRPEDOyEQBtqD6FwPLRuDjWsTeYrYNQkNp96STQzq8wUsZTm8:1vy9IQ:tuCRTmb-1imqmYKuTpaqHfWajVPbmwVs957pppqQUNs','2026-03-19 14:03:22.680046');
INSERT INTO "django_session" VALUES('bql4mbcv85s1zuv5e15qxtd5aoqmbidy','.eJxVjDkOwjAUBe_iGlmJd1PScwbrLzYOIEeKkwpxd4iUAto3M-8lEmxrTVvPS5pYnIUTp98NgR657YDv0G6zpLmty4RyV-RBu7zOnJ-Xw_07qNDrtw4YfNHeRAvo4hDYZwUwaka2qMhYjTq4jDDQyN44FYzKGkyIhQpZJd4f54E4DA:1vy9Il:nvGFeE7ckInBYmnxgWY7w0_s-EsGXP8iOxMTQlwBAcE','2026-03-19 14:03:43.613430');
INSERT INTO "django_session" VALUES('f82lbqsv17dvzb288wdxd39aeyp7g7rd','.eJxVjDEOgzAQBP_iOrLANphLmZ43WHe-c0wSYQlDFeXvAYkiKbbZmd23CritOWxVljCxuiqvLr8dYXzKfAB-4HwvOpZ5XSbSh6JPWvVYWF630_07yFjzvoaBOxcTWxQgRPEDOyEQBtqD6FwPLRuDjWsTeYrYNQkNp96STQzq8wUsZTm8:1vy9KN:QyDkDEYIAtDa2BbXR4IPsuUFnus-Rnn8nxEs-9X24a0','2026-03-19 14:05:23.599802');
INSERT INTO "django_session" VALUES('vibm1d28w1t3zcer8rincfpk726dynaf','.eJxVjDkOwjAUBe_iGlmJd1PScwbrLzYOIEeKkwpxd4iUAto3M-8lEmxrTVvPS5pYnIUTp98NgR657YDv0G6zpLmty4RyV-RBu7zOnJ-Xw_07qNDrtw4YfNHeRAvo4hDYZwUwaka2qMhYjTq4jDDQyN44FYzKGkyIhQpZJd4f54E4DA:1vy9LF:ULNkhNjWEDxKk6gpFgczdgPqav9ifhRHaAkyvNfW4Kw','2026-03-19 14:06:17.449946');
INSERT INTO "django_session" VALUES('md84mtp9dk8y3dm4rwz0rwvd33i0em0x','.eJxVjDkOwjAUBe_iGlmJd1PScwbrLzYOIEeKkwpxd4iUAto3M-8lEmxrTVvPS5pYnIUTp98NgR657YDv0G6zpLmty4RyV-RBu7zOnJ-Xw_07qNDrtw4YfNHeRAvo4hDYZwUwaka2qMhYjTq4jDDQyN44FYzKGkyIhQpZJd4f54E4DA:1vy9M6:LvvPLcxG2Q1NQZFxHAwzPVgMXAo2L5My01jVh6sbx2M','2026-03-19 14:07:10.103971');
INSERT INTO "django_session" VALUES('fwau5697jp42ri4ounh30chee75da9bf','.eJxVjDEOgzAQBP_iOrLANphLmZ43WHe-c0wSYQlDFeXvAYkiKbbZmd23CritOWxVljCxuiqvLr8dYXzKfAB-4HwvOpZ5XSbSh6JPWvVYWF630_07yFjzvoaBOxcTWxQgRPEDOyEQBtqD6FwPLRuDjWsTeYrYNQkNp96STQzq8wUsZTm8:1vy9Mm:pFEXCcjdFxz9YxlAfFs5cud0NF90FDUgqs05NFBXfho','2026-03-19 14:07:52.536099');
INSERT INTO "django_session" VALUES('cxadvi62t79dnwlv8giph7yazr5l285v','.eJxVjDEOgzAQBP_iOrLANphLmZ43WHe-c0wSYQlDFeXvAYkiKbbZmd23CritOWxVljCxuiqvLr8dYXzKfAB-4HwvOpZ5XSbSh6JPWvVYWF630_07yFjzvoaBOxcTWxQgRPEDOyEQBtqD6FwPLRuDjWsTeYrYNQkNp96STQzq8wUsZTm8:1vy9XY:Fs5T12HT1DAbZ0KEq9lMuFbVqVXnXoF1sr2V0-C5J1E','2026-03-19 14:19:00.866426');
INSERT INTO "django_session" VALUES('8qietyl4bgdwtpkh69wwoqoaifqne86w','.eJxVjDkOwjAUBe_iGlmJd1PScwbrLzYOIEeKkwpxd4iUAto3M-8lEmxrTVvPS5pYnIUTp98NgR657YDv0G6zpLmty4RyV-RBu7zOnJ-Xw_07qNDrtw4YfNHeRAvo4hDYZwUwaka2qMhYjTq4jDDQyN44FYzKGkyIhQpZJd4f54E4DA:1vyA8g:3Y0axU3HyCVPMtr5gtEDR76k5RHaRxWHIdytz8X93AE','2026-03-19 14:57:22.448715');
INSERT INTO "django_session" VALUES('2m81epkvsml7rrsj0pmtncqhnd051izi','.eJxVjDkOwjAUBe_iGlmJd1PScwbrLzYOIEeKkwpxd4iUAto3M-8lEmxrTVvPS5pYnIUTp98NgR657YDv0G6zpLmty4RyV-RBu7zOnJ-Xw_07qNDrtw4YfNHeRAvo4hDYZwUwaka2qMhYjTq4jDDQyN44FYzKGkyIhQpZJd4f54E4DA:1vyA8p:PVSQy2hxk98ggRMJrXKoHNxrnM10B3R57cJOLsg3UPg','2026-03-19 14:57:31.231385');
INSERT INTO "django_session" VALUES('jpe62pw6wjthtldoj0tf0tf1ww2dymbs','.eJxVjDEOgzAQBP_iOrLANphLmZ43WHe-c0wSYQlDFeXvAYkiKbbZmd23CritOWxVljCxuiqvLr8dYXzKfAB-4HwvOpZ5XSbSh6JPWvVYWF630_07yFjzvoaBOxcTWxQgRPEDOyEQBtqD6FwPLRuDjWsTeYrYNQkNp96STQzq8wUsZTm8:1vyA9V:7rSgCQp6G-Y1pPR49_9nXWCDmCEXxCu-cgmf91ivcro','2026-03-19 14:58:13.922472');
INSERT INTO "django_session" VALUES('5zwb82s4q3wp9susriv0bp4cf1ucuvek','.eJxVjDEOgzAQBP_iOrLANphLmZ43WHe-c0wSYQlDFeXvAYkiKbbZmd23CritOWxVljCxuiqvLr8dYXzKfAB-4HwvOpZ5XSbSh6JPWvVYWF630_07yFjzvoaBOxcTWxQgRPEDOyEQBtqD6FwPLRuDjWsTeYrYNQkNp96STQzq8wUsZTm8:1vyADt:4mIRKY8_5SlNcq_Dgj4FktTo_Raxp-zyDTmNW4QXwx0','2026-03-19 15:02:45.559350');
INSERT INTO "django_session" VALUES('q3122y4tc48ae1kpwsgfdkaeu5zsmyh3','.eJxVjDEOgzAQBP_iOrLANphLmZ43WHe-c0wSYQlDFeXvAYkiKbbZmd23CritOWxVljCxuiqvLr8dYXzKfAB-4HwvOpZ5XSbSh6JPWvVYWF630_07yFjzvoaBOxcTWxQgRPEDOyEQBtqD6FwPLRuDjWsTeYrYNQkNp96STQzq8wUsZTm8:1vyAMM:C5QOkRbRC0eLuCS81ssGgm8J1x1wBo_WIDcNmhIDcZ4','2026-03-19 15:11:30.028132');
INSERT INTO "django_session" VALUES('scyzuuunsqvxl541bso3djtm9ktagwzp','.eJxVjDEOgzAQBP_iOrLANphLmZ43WHe-c0wSYQlDFeXvAYkiKbbZmd23CritOWxVljCxuiqvLr8dYXzKfAB-4HwvOpZ5XSbSh6JPWvVYWF630_07yFjzvoaBOxcTWxQgRPEDOyEQBtqD6FwPLRuDjWsTeYrYNQkNp96STQzq8wUsZTm8:1vyASg:5QnA6qlJTsFRE1rOXAY6QCzc9hfr_95bndDmAzFIksM','2026-03-19 15:18:02.239049');
INSERT INTO "django_session" VALUES('7w7ok4zqb9y2gtb0slpxgrgq9sc2lxon','.eJxVjDkOwjAUBe_iGlmJd1PScwbrLzYOIEeKkwpxd4iUAto3M-8lEmxrTVvPS5pYnIUTp98NgR657YDv0G6zpLmty4RyV-RBu7zOnJ-Xw_07qNDrtw4YfNHeRAvo4hDYZwUwaka2qMhYjTq4jDDQyN44FYzKGkyIhQpZJd4f54E4DA:1vyATd:oVOMCoZMG7WbyOXkbVlEwic-MeA9WCWUvMXlojrhyOQ','2026-03-19 15:19:01.191545');
INSERT INTO "django_session" VALUES('mdp60yc7f4n1mm1w6rcpc61dyknv74cj','.eJxVjDEOgzAQBP_iOrLANphLmZ43WHe-c0wSYQlDFeXvAYkiKbbZmd23CritOWxVljCxuiqvLr8dYXzKfAB-4HwvOpZ5XSbSh6JPWvVYWF630_07yFjzvoaBOxcTWxQgRPEDOyEQBtqD6FwPLRuDjWsTeYrYNQkNp96STQzq8wUsZTm8:1vyAUC:eQm2-1oaGqaMmFIIDQIFw09-DiBi3PYUW3VCpccyyr8','2026-03-19 15:19:36.956125');
INSERT INTO "django_session" VALUES('5irvaffk1a6vo9ze4q0m6swuecogf3yk','.eJxVjDkOwjAUBe_iGlmJd1PScwbrLzYOIEeKkwpxd4iUAto3M-8lEmxrTVvPS5pYnIUTp98NgR657YDv0G6zpLmty4RyV-RBu7zOnJ-Xw_07qNDrtw4YfNHeRAvo4hDYZwUwaka2qMhYjTq4jDDQyN44FYzKGkyIhQpZJd4f54E4DA:1vyAan:AK-A4hgA3LmqlnnYv78CCQOcvxY-aPhpXe1S0Gq-v48','2026-03-19 15:26:25.171503');
INSERT INTO "django_session" VALUES('usv3ywwqo6eucrjrtolmj1tosm18yprb','.eJxVjDEOgzAQBP_iOrLANphLmZ43WHe-c0wSYQlDFeXvAYkiKbbZmd23CritOWxVljCxuiqvLr8dYXzKfAB-4HwvOpZ5XSbSh6JPWvVYWF630_07yFjzvoaBOxcTWxQgRPEDOyEQBtqD6FwPLRuDjWsTeYrYNQkNp96STQzq8wUsZTm8:1vyAfV:ZuiCq-pSPv5rfqXu0RMec6n58C1FFejrQACmagvaMW8','2026-03-19 15:31:17.359489');
INSERT INTO "django_session" VALUES('fxt1uv549x4m4rrg4gzgdzn14ftz38ox','.eJxVjDEOgzAQBP_iOrLANphLmZ43WHe-c0wSYQlDFeXvAYkiKbbZmd23CritOWxVljCxuiqvLr8dYXzKfAB-4HwvOpZ5XSbSh6JPWvVYWF630_07yFjzvoaBOxcTWxQgRPEDOyEQBtqD6FwPLRuDjWsTeYrYNQkNp96STQzq8wUsZTm8:1vyB2G:69-ARwgTQP87upuOi8uJReyb8Cmy2botSCARfPjV8dQ','2026-03-19 15:54:48.970482');
INSERT INTO "django_session" VALUES('uvjd7w2epf428te01mlwu3xvoh9jw8q6','.eJxVjDkOwjAUBe_iGlmJd1PScwbrLzYOIEeKkwpxd4iUAto3M-8lEmxrTVvPS5pYnIUTp98NgR657YDv0G6zpLmty4RyV-RBu7zOnJ-Xw_07qNDrtw4YfNHeRAvo4hDYZwUwaka2qMhYjTq4jDDQyN44FYzKGkyIhQpZJd4f54E4DA:1vyB9f:xLBLLBgVMMgZy_el140rWZzfsjtofbUK3LySyJ6rjLw','2026-03-19 16:02:27.469994');
INSERT INTO "django_session" VALUES('zhojwud4opaqmidgbtsytfj3v0c1olak','.eJxVjDEOgzAQBP_iOrLANphLmZ43WHe-c0wSYQlDFeXvAYkiKbbZmd23CritOWxVljCxuiqvLr8dYXzKfAB-4HwvOpZ5XSbSh6JPWvVYWF630_07yFjzvoaBOxcTWxQgRPEDOyEQBtqD6FwPLRuDjWsTeYrYNQkNp96STQzq8wUsZTm8:1vyB9o:pjk2BodwoepIVM6vv1KgVOGxlyzXoi6fVVSd7Us9-Ck','2026-03-19 16:02:36.830648');
INSERT INTO "django_session" VALUES('aovsjcp7xdyfhh0nvp799wi0folppmpi','.eJxVjDkOwjAUBe_iGlmJd1PScwbrLzYOIEeKkwpxd4iUAto3M-8lEmxrTVvPS5pYnIUTp98NgR657YDv0G6zpLmty4RyV-RBu7zOnJ-Xw_07qNDrtw4YfNHeRAvo4hDYZwUwaka2qMhYjTq4jDDQyN44FYzKGkyIhQpZJd4f54E4DA:1vyB9v:KE5PeuNhSi6TSPUpGIrX27V2p_mAVFaEbUCghiTfr9U','2026-03-19 16:02:43.784911');
INSERT INTO "django_session" VALUES('kcimvamt8h3gxtjjyk9yry9wwvylbk0v','.eJxVjDEOgzAQBP_iOrLANphLmZ43WHe-c0wSYQlDFeXvAYkiKbbZmd23CritOWxVljCxuiqvLr8dYXzKfAB-4HwvOpZ5XSbSh6JPWvVYWF630_07yFjzvoaBOxcTWxQgRPEDOyEQBtqD6FwPLRuDjWsTeYrYNQkNp96STQzq8wUsZTm8:1vyBA5:EpZaAMvb-xNfdiGMO3Ph7d3zICOldxz5uxtzBa6CEHw','2026-03-19 16:02:53.269179');
INSERT INTO "django_session" VALUES('84hd8hqwhxkjqdwoqhma9brfv17r06a3','.eJxVjDkOwjAUBe_iGlmJd1PScwbrLzYOIEeKkwpxd4iUAto3M-8lEmxrTVvPS5pYnIUTp98NgR657YDv0G6zpLmty4RyV-RBu7zOnJ-Xw_07qNDrtw4YfNHeRAvo4hDYZwUwaka2qMhYjTq4jDDQyN44FYzKGkyIhQpZJd4f54E4DA:1vyC7i:65xJwmdhN7qwZmEp592dcGMCMcb3MYeTArV8K173mjs','2026-03-19 17:04:30.746916');
INSERT INTO "django_session" VALUES('60rmrhlu4caycfrhgr4urk1mxduhdsgn','.eJxVjDkOwjAUBe_iGlmJd1PScwbrLzYOIEeKkwpxd4iUAto3M-8lEmxrTVvPS5pYnIUTp98NgR657YDv0G6zpLmty4RyV-RBu7zOnJ-Xw_07qNDrtw4YfNHeRAvo4hDYZwUwaka2qMhYjTq4jDDQyN44FYzKGkyIhQpZJd4f54E4DA:1vyCPk:ZVlUpfKLVEUrwCNiBpyfiEuYU1QJLJOz_qjxzMTcjgE','2026-03-19 17:23:08.892840');
INSERT INTO "django_session" VALUES('fotmdv1vivkwefqgdd7agzams15xhbjc','.eJxVjDEOgzAQBP_iOrLANphLmZ43WHe-c0wSYQlDFeXvAYkiKbbZmd23CritOWxVljCxuiqvLr8dYXzKfAB-4HwvOpZ5XSbSh6JPWvVYWF630_07yFjzvoaBOxcTWxQgRPEDOyEQBtqD6FwPLRuDjWsTeYrYNQkNp96STQzq8wUsZTm8:1vyCTL:VGekX6GHTtO4mhb3GbLEamuq9JC3oGN-mQfV_HAZT7I','2026-03-19 17:26:51.026857');
INSERT INTO "django_session" VALUES('815e6n7ya3t769ghirnxnlf4r3r73qb1','.eJxVjDEOgzAQBP_iOrLANphLmZ43WHe-c0wSYQlDFeXvAYkiKbbZmd23CritOWxVljCxuiqvLr8dYXzKfAB-4HwvOpZ5XSbSh6JPWvVYWF630_07yFjzvoaBOxcTWxQgRPEDOyEQBtqD6FwPLRuDjWsTeYrYNQkNp96STQzq8wUsZTm8:1vyCTU:7_qasYKRO7z1VT7oZimizmavETE3KiGbGOR-40DKiZI','2026-03-19 17:27:00.946139');
INSERT INTO "django_session" VALUES('gy2y7dhn0daimi57jkzf05tarinirqzi','.eJxVjDEOgzAQBP_iOrLANphLmZ43WHe-c0wSYQlDFeXvAYkiKbbZmd23CritOWxVljCxuiqvLr8dYXzKfAB-4HwvOpZ5XSbSh6JPWvVYWF630_07yFjzvoaBOxcTWxQgRPEDOyEQBtqD6FwPLRuDjWsTeYrYNQkNp96STQzq8wUsZTm8:1vyCUL:BpueImbVO1sgp8ieKeDbwLTHWBcRMEO7mamaH3iyfeE','2026-03-19 17:27:53.655961');
INSERT INTO "django_session" VALUES('mj0zkl1mfjv85wxk1yjp577wf52eo3jl','.eJxVjDkOwjAUBe_iGlmJd1PScwbrLzYOIEeKkwpxd4iUAto3M-8lEmxrTVvPS5pYnIUTp98NgR657YDv0G6zpLmty4RyV-RBu7zOnJ-Xw_07qNDrtw4YfNHeRAvo4hDYZwUwaka2qMhYjTq4jDDQyN44FYzKGkyIhQpZJd4f54E4DA:1vyCVg:s_bVsAY70KGI8cSJtPZG9SMa8NONVcBChy42bPGw7-Y','2026-03-19 17:29:16.407641');
INSERT INTO "django_session" VALUES('ci5r8t0l3w975nk4q2o5zi4vig1fo61d','.eJxVjDkOwjAUBe_iGlmJd1PScwbrLzYOIEeKkwpxd4iUAto3M-8lEmxrTVvPS5pYnIUTp98NgR657YDv0G6zpLmty4RyV-RBu7zOnJ-Xw_07qNDrtw4YfNHeRAvo4hDYZwUwaka2qMhYjTq4jDDQyN44FYzKGkyIhQpZJd4f54E4DA:1vyCYM:3y4pgDzi_AGU3IymlSmeEt1o_oTleNd2hDJc5-IXPE8','2026-03-19 17:32:02.692332');
INSERT INTO "django_session" VALUES('j9f07e5jc88caf9zulurvq0j1h6c7meq','.eJxVjDEOgzAQBP_iOrLANphLmZ43WHe-c0wSYQlDFeXvAYkiKbbZmd23CritOWxVljCxuiqvLr8dYXzKfAB-4HwvOpZ5XSbSh6JPWvVYWF630_07yFjzvoaBOxcTWxQgRPEDOyEQBtqD6FwPLRuDjWsTeYrYNQkNp96STQzq8wUsZTm8:1vyCdE:Iw-8eEnw2DlXnmE8oEafnUMSohwiBq8AzzWgmIf4B9s','2026-03-19 17:37:04.240947');
INSERT INTO "django_session" VALUES('cd6z2lx2vi35v38233cb08372856pvi8','.eJxVjDkOwjAUBe_iGlmJd1PScwbrLzYOIEeKkwpxd4iUAto3M-8lEmxrTVvPS5pYnIUTp98NgR657YDv0G6zpLmty4RyV-RBu7zOnJ-Xw_07qNDrtw4YfNHeRAvo4hDYZwUwaka2qMhYjTq4jDDQyN44FYzKGkyIhQpZJd4f54E4DA:1vyCnY:G8UOuhN06THR_kS8oG88UmxM3iFMURu0VV0oWE3Y-d8','2026-03-19 17:47:44.621671');
INSERT INTO "django_session" VALUES('r943sodfvw6i5ixjonr6q7yqm87xl6qs','.eJxVjDEOgzAQBP_iOrLANphLmZ43WHe-c0wSYQlDFeXvAYkiKbbZmd23CritOWxVljCxuiqvLr8dYXzKfAB-4HwvOpZ5XSbSh6JPWvVYWF630_07yFjzvoaBOxcTWxQgRPEDOyEQBtqD6FwPLRuDjWsTeYrYNQkNp96STQzq8wUsZTm8:1vyCoI:5GFFNEeI_Bnk04336_0buGSVi1VT3RpNGn8BzNPJjPI','2026-03-19 17:48:30.990567');
INSERT INTO "django_session" VALUES('qu4s5jbogw1x78bg6tmhcg6z61p48ph8','.eJxVjDEOgzAQBP_iOrLANphLmZ43WHe-c0wSYQlDFeXvAYkiKbbZmd23CritOWxVljCxuiqvLr8dYXzKfAB-4HwvOpZ5XSbSh6JPWvVYWF630_07yFjzvoaBOxcTWxQgRPEDOyEQBtqD6FwPLRuDjWsTeYrYNQkNp96STQzq8wUsZTm8:1vyDAS:FM4c3IByZVwrDvk550lTrmjmhPjZMkeWnYYhNY8l3JE','2026-03-19 18:11:24.701088');
INSERT INTO "django_session" VALUES('9e0xvuneq3tzfc9jslcolb15kgeovgb6','.eJxVjDEOgzAQBP_iOrLANphLmZ43WHe-c0wSYQlDFeXvAYkiKbbZmd23CritOWxVljCxuiqvLr8dYXzKfAB-4HwvOpZ5XSbSh6JPWvVYWF630_07yFjzvoaBOxcTWxQgRPEDOyEQBtqD6FwPLRuDjWsTeYrYNQkNp96STQzq8wUsZTm8:1vyDCU:gsoIS14KoCwupMBndHF7uWL74dH4dz1kKH4eacM-NFY','2026-03-19 18:13:30.640339');
INSERT INTO "django_session" VALUES('dmz1cn5169u9l3p5irrkeud8r3pqo23w','.eJxVjDEOgzAQBP_iOrLANphLmZ43WHe-c0wSYQlDFeXvAYkiKbbZmd23CritOWxVljCxuiqvLr8dYXzKfAB-4HwvOpZ5XSbSh6JPWvVYWF630_07yFjzvoaBOxcTWxQgRPEDOyEQBtqD6FwPLRuDjWsTeYrYNQkNp96STQzq8wUsZTm8:1vyDUz:81Nl5OzBX9Y9edYhbqn7ftFoFQe1xxusL6-m01_Dp6U','2026-03-19 18:32:37.713103');
INSERT INTO "django_session" VALUES('pjhsbp3iifwqp4yxna8jutacou48tq0a','.eJxVjDkOwjAUBe_iGlmJd1PScwbrLzYOIEeKkwpxd4iUAto3M-8lEmxrTVvPS5pYnIUTp98NgR657YDv0G6zpLmty4RyV-RBu7zOnJ-Xw_07qNDrtw4YfNHeRAvo4hDYZwUwaka2qMhYjTq4jDDQyN44FYzKGkyIhQpZJd4f54E4DA:1vyDW2:bnNe9wN0sRYOV9h3SMqQYY9ltH1pkHo5uZ0e-gTFLsY','2026-03-19 18:33:42.037977');
INSERT INTO "django_session" VALUES('uvxqfuwu3lfnu55gvnymgt43l5vte5i7','.eJxVjDkOwjAUBe_iGlmJd1PScwbrLzYOIEeKkwpxd4iUAto3M-8lEmxrTVvPS5pYnIUTp98NgR657YDv0G6zpLmty4RyV-RBu7zOnJ-Xw_07qNDrtw4YfNHeRAvo4hDYZwUwaka2qMhYjTq4jDDQyN44FYzKGkyIhQpZJd4f54E4DA:1vyDYV:_-WsY3ez22Li9uMQo_cQRY9g2q_xLwYCg-k6iANmRSU','2026-03-19 18:36:15.644915');
INSERT INTO "django_session" VALUES('pujzna75lua7oiej0eg1d9e8k6x2zqef','.eJxVjDEOgzAQBP_iOrLANphLmZ43WHe-c0wSYQlDFeXvAYkiKbbZmd23CritOWxVljCxuiqvLr8dYXzKfAB-4HwvOpZ5XSbSh6JPWvVYWF630_07yFjzvoaBOxcTWxQgRPEDOyEQBtqD6FwPLRuDjWsTeYrYNQkNp96STQzq8wUsZTm8:1vyDYv:0s2fNzAB_zglIh7fpBSgEXBkNRaNoq7Nf72sAS8qZuA','2026-03-19 18:36:41.493194');
INSERT INTO "django_session" VALUES('kojxl0oc9enz6fj61a1xymtyoin2q79r','.eJxVjDEOgzAQBP_iOrLANphLmZ43WHe-c0wSYQlDFeXvAYkiKbbZmd23CritOWxVljCxuiqvLr8dYXzKfAB-4HwvOpZ5XSbSh6JPWvVYWF630_07yFjzvoaBOxcTWxQgRPEDOyEQBtqD6FwPLRuDjWsTeYrYNQkNp96STQzq8wUsZTm8:1vyDaJ:O1BIvZxz1JpQ9_nU_E4ORf4bx-VNbFVw2xed8W-5tH4','2026-03-19 18:38:07.687836');
INSERT INTO "django_session" VALUES('w0qzel7f87v8r18cz6cyhm6g9h52nu5g','.eJxVjDkOwjAUBe_iGlmJd1PScwbrLzYOIEeKkwpxd4iUAto3M-8lEmxrTVvPS5pYnIUTp98NgR657YDv0G6zpLmty4RyV-RBu7zOnJ-Xw_07qNDrtw4YfNHeRAvo4hDYZwUwaka2qMhYjTq4jDDQyN44FYzKGkyIhQpZJd4f54E4DA:1vyDeF:TT3SxmhXgdDQ9BahikAL2jHgpyCk1UBRRMP3mYB0HnE','2026-03-19 18:42:11.103819');
INSERT INTO "django_session" VALUES('03v2gds7otuq3qc1wb0wj6p0m78dgdvq','.eJxVjDkOwjAUBe_iGlmJd1PScwbrLzYOIEeKkwpxd4iUAto3M-8lEmxrTVvPS5pYnIUTp98NgR657YDv0G6zpLmty4RyV-RBu7zOnJ-Xw_07qNDrtw4YfNHeRAvo4hDYZwUwaka2qMhYjTq4jDDQyN44FYzKGkyIhQpZJd4f54E4DA:1vyMWo:RTsGrFeaxSRtvRWbdBnUeqgnOtFZt1PQKYDXCHkcWsc','2026-03-20 04:11:06.456758');
INSERT INTO "django_session" VALUES('kqt6lp4gz913dk5ecxps18cfwletsi68','.eJxVjDEOgzAQBP_iOrLANphLmZ43WHe-c0wSYQlDFeXvAYkiKbbZmd23CritOWxVljCxuiqvLr8dYXzKfAB-4HwvOpZ5XSbSh6JPWvVYWF630_07yFjzvoaBOxcTWxQgRPEDOyEQBtqD6FwPLRuDjWsTeYrYNQkNp96STQzq8wUsZTm8:1vyMX2:WCwSCZTLupPe0NELfcO8VGtmMCjZeoZ8NVDFiLJiMNQ','2026-03-20 04:11:20.008148');
INSERT INTO "django_session" VALUES('gwf00gqj4tdrux4ol5s0gbyeo461h77h','.eJxVjDEOgzAQBP_iOrLANphLmZ43WHe-c0wSYQlDFeXvAYkiKbbZmd23CritOWxVljCxuiqvLr8dYXzKfAB-4HwvOpZ5XSbSh6JPWvVYWF630_07yFjzvoaBOxcTWxQgRPEDOyEQBtqD6FwPLRuDjWsTeYrYNQkNp96STQzq8wUsZTm8:1vyMzD:hs-RNA6_cutChTL04NnYbMJQIs1P7PY2-h3-2wap8Jo','2026-03-20 04:40:27.537199');
INSERT INTO "django_session" VALUES('3zegb5p37vxlzyibkf0q93it1aijpknw','.eJxVjDEOgzAQBP_iOrLANphLmZ43WHe-c0wSYQlDFeXvAYkiKbbZmd23CritOWxVljCxuiqvLr8dYXzKfAB-4HwvOpZ5XSbSh6JPWvVYWF630_07yFjzvoaBOxcTWxQgRPEDOyEQBtqD6FwPLRuDjWsTeYrYNQkNp96STQzq8wUsZTm8:1vyMzo:q1p9aaSDryqaJ20QVwlZ5iYhs14a93LIadQ6RFJR8_Q','2026-03-20 04:41:04.751041');
INSERT INTO "django_session" VALUES('d6quatr4onet6qm4xremrh14i04q00z7','.eJxVjDEOgzAQBP_iOrLANphLmZ43WHe-c0wSYQlDFeXvAYkiKbbZmd23CritOWxVljCxuiqvLr8dYXzKfAB-4HwvOpZ5XSbSh6JPWvVYWF630_07yFjzvoaBOxcTWxQgRPEDOyEQBtqD6FwPLRuDjWsTeYrYNQkNp96STQzq8wUsZTm8:1vyN7d:VNdpYG6NVX7ThjwMPbqeNuIAm5KAOqa5YGpQQkIDIXk','2026-03-20 04:49:09.416769');
INSERT INTO "django_session" VALUES('2h0rcejr832s1z2y4t3ig8xrc0gywrwf','.eJxVjDkOwjAUBe_iGlmJd1PScwbrLzYOIEeKkwpxd4iUAto3M-8lEmxrTVvPS5pYnIUTp98NgR657YDv0G6zpLmty4RyV-RBu7zOnJ-Xw_07qNDrtw4YfNHeRAvo4hDYZwUwaka2qMhYjTq4jDDQyN44FYzKGkyIhQpZJd4f54E4DA:1vyN89:bRbE7mWkPEB7eGSkjBJrOpcAvORCM8-0m44HbKG9TRk','2026-03-20 04:49:41.821888');
INSERT INTO "django_session" VALUES('po6070hn1jjfo4fr0oiwyhapfeokr9yc','.eJxVjDkOwjAUBe_iGlmJd1PScwbrLzYOIEeKkwpxd4iUAto3M-8lEmxrTVvPS5pYnIUTp98NgR657YDv0G6zpLmty4RyV-RBu7zOnJ-Xw_07qNDrtw4YfNHeRAvo4hDYZwUwaka2qMhYjTq4jDDQyN44FYzKGkyIhQpZJd4f54E4DA:1vyVuU:sxrRpFOR-bAncKllJnxNMWT7QtDKlcuGdeGYcsnnuPk','2026-03-20 14:12:10.946360');
INSERT INTO "django_session" VALUES('43mwkon59gna50pvjyq7zpze2y4yer5x','.eJxVjDEOgzAQBP_iOrLANphLmZ43WHe-c0wSYQlDFeXvAYkiKbbZmd23CritOWxVljCxuiqvLr8dYXzKfAB-4HwvOpZ5XSbSh6JPWvVYWF630_07yFjzvoaBOxcTWxQgRPEDOyEQBtqD6FwPLRuDjWsTeYrYNQkNp96STQzq8wUsZTm8:1vyW9H:EXheA-Ozo9U1U26X_8gnccbZpQB9fIVHfHZxi8f_t0o','2026-03-20 14:27:27.473087');
INSERT INTO "django_session" VALUES('bgf8bydko1mere3sso3vll3vjhbbeupk','.eJxVjDkOwjAUBe_iGlmJd1PScwbrLzYOIEeKkwpxd4iUAto3M-8lEmxrTVvPS5pYnIUTp98NgR657YDv0G6zpLmty4RyV-RBu7zOnJ-Xw_07qNDrtw4YfNHeRAvo4hDYZwUwaka2qMhYjTq4jDDQyN44FYzKGkyIhQpZJd4f54E4DA:1vyWGl:77lUekJfZ1aCNBoxhfWnc8fA73QWUuO7t-tfh0AuZ2k','2026-03-20 14:35:11.467555');
INSERT INTO "django_session" VALUES('9ibrb30megw737zlp6uihekxa2fqo4i2','.eJxVjDEOgzAQBP_iOrLANphLmZ43WHe-c0wSYQlDFeXvAYkiKbbZmd23CritOWxVljCxuiqvLr8dYXzKfAB-4HwvOpZ5XSbSh6JPWvVYWF630_07yFjzvoaBOxcTWxQgRPEDOyEQBtqD6FwPLRuDjWsTeYrYNQkNp96STQzq8wUsZTm8:1vyWU3:Ga5QpZjQwMlbL08MKn66sXkOTGFc-cGgtrhWLASMv1w','2026-03-20 14:48:55.813461');
INSERT INTO "django_session" VALUES('ock0jc679woiw6h6ka7s1fob4g1zhjsz','.eJxVjDkOwjAUBe_iGlmJd1PScwbrLzYOIEeKkwpxd4iUAto3M-8lEmxrTVvPS5pYnIUTp98NgR657YDv0G6zpLmty4RyV-RBu7zOnJ-Xw_07qNDrtw4YfNHeRAvo4hDYZwUwaka2qMhYjTq4jDDQyN44FYzKGkyIhQpZJd4f54E4DA:1vyWW7:97v8d6OH07tHCswIGBpqaLg5MZ5Sde6jf56bm7MU7jg','2026-03-20 14:51:03.040004');
INSERT INTO "django_session" VALUES('oj61knd6g4a95rw68g1i4unhzuazgnib','.eJxVjDkOwjAUBe_iGlmJd1PScwbrLzYOIEeKkwpxd4iUAto3M-8lEmxrTVvPS5pYnIUTp98NgR657YDv0G6zpLmty4RyV-RBu7zOnJ-Xw_07qNDrtw4YfNHeRAvo4hDYZwUwaka2qMhYjTq4jDDQyN44FYzKGkyIhQpZJd4f54E4DA:1vyWe2:QFgV_EKcnh-ZkJLYhB3TUFDo7LeJlKLTjGVS-2v-a_k','2026-03-20 14:59:14.614384');
INSERT INTO "django_session" VALUES('58i443yif1f54ti8idhwu9fu4o1tk3ka','.eJxVjDEOgzAQBP_iOrLANphLmZ43WHe-c0wSYQlDFeXvAYkiKbbZmd23CritOWxVljCxuiqvLr8dYXzKfAB-4HwvOpZ5XSbSh6JPWvVYWF630_07yFjzvoaBOxcTWxQgRPEDOyEQBtqD6FwPLRuDjWsTeYrYNQkNp96STQzq8wUsZTm8:1vyWqb:AtnxZygBVxMI2wVIDol6XYGil6H_RDTfMnkKPrOaXAw','2026-03-20 15:12:13.412657');
INSERT INTO "django_session" VALUES('zlm4mg0w4brvrsm778st1xon2a5pm0m7','.eJxVjDEOgzAQBP_iOrLANphLmZ43WHe-c0wSYQlDFeXvAYkiKbbZmd23CritOWxVljCxuiqvLr8dYXzKfAB-4HwvOpZ5XSbSh6JPWvVYWF630_07yFjzvoaBOxcTWxQgRPEDOyEQBtqD6FwPLRuDjWsTeYrYNQkNp96STQzq8wUsZTm8:1vyX2s:cfn_8nvW0lOu3QfZqZbDkCk5S_hCqlPQo-i4fZX2JaM','2026-03-20 15:24:54.593850');
INSERT INTO "django_session" VALUES('tna10jg3v4yokgbu418s6s5nzj2cqet8','.eJxVjDkOwjAUBe_iGlmJd1PScwbrLzYOIEeKkwpxd4iUAto3M-8lEmxrTVvPS5pYnIUTp98NgR657YDv0G6zpLmty4RyV-RBu7zOnJ-Xw_07qNDrtw4YfNHeRAvo4hDYZwUwaka2qMhYjTq4jDDQyN44FYzKGkyIhQpZJd4f54E4DA:1vyX39:iuRP8GAAik3Sk9B1WAIcX8LICa-Q4N_nJ24yDBU0tKA','2026-03-20 15:25:11.033417');
INSERT INTO "django_session" VALUES('oy8wy8r8yfjnhk267id6kpbvm6anl8k4','.eJxVjDkOwjAUBe_iGlmJd1PScwbrLzYOIEeKkwpxd4iUAto3M-8lEmxrTVvPS5pYnIUTp98NgR657YDv0G6zpLmty4RyV-RBu7zOnJ-Xw_07qNDrtw4YfNHeRAvo4hDYZwUwaka2qMhYjTq4jDDQyN44FYzKGkyIhQpZJd4f54E4DA:1vyX7o:HaqpvUxc1lfNCoKVMcwyM-5zunRYFy-e3nO-ZkwZRpQ','2026-03-20 15:30:00.459961');
INSERT INTO "django_session" VALUES('yf52uv54cwb1hjhw1qzefw9dkde5ncs8','.eJxVjDEOgzAQBP_iOrLANphLmZ43WHe-c0wSYQlDFeXvAYkiKbbZmd23CritOWxVljCxuiqvLr8dYXzKfAB-4HwvOpZ5XSbSh6JPWvVYWF630_07yFjzvoaBOxcTWxQgRPEDOyEQBtqD6FwPLRuDjWsTeYrYNQkNp96STQzq8wUsZTm8:1vyX7u:LLYrVtEJq1YXau0RsIv8SZ-Ifxw8TNYNtR2gZjt1r7k','2026-03-20 15:30:06.506552');
INSERT INTO "django_session" VALUES('iyb8of01tis4nswds33r4pzm19l7emt0','.eJxVjDkOwjAUBe_iGlmJd1PScwbrLzYOIEeKkwpxd4iUAto3M-8lEmxrTVvPS5pYnIUTp98NgR657YDv0G6zpLmty4RyV-RBu7zOnJ-Xw_07qNDrtw4YfNHeRAvo4hDYZwUwaka2qMhYjTq4jDDQyN44FYzKGkyIhQpZJd4f54E4DA:1vyX80:oMRejxGaPb6iUG2VaVMXtGKVhx_uOlmqR-Z0UC6OP8I','2026-03-20 15:30:12.448375');
INSERT INTO "django_session" VALUES('lr0nrdtbl4s29hrqv6plzh9ilj3lnu9y','.eJxVjDEOgzAQBP_iOrLANphLmZ43WHe-c0wSYQlDFeXvAYkiKbbZmd23CritOWxVljCxuiqvLr8dYXzKfAB-4HwvOpZ5XSbSh6JPWvVYWF630_07yFjzvoaBOxcTWxQgRPEDOyEQBtqD6FwPLRuDjWsTeYrYNQkNp96STQzq8wUsZTm8:1vyX86:lxE14A5oxHem96UNxAO2WVaJK_iWLONtBsBTgYCwbak','2026-03-20 15:30:18.146223');
INSERT INTO "django_session" VALUES('qejkt52t81p3g8qgtgtg3yo3caejlqmh','.eJxVjDkOwjAUBe_iGlmJd1PScwbrLzYOIEeKkwpxd4iUAto3M-8lEmxrTVvPS5pYnIUTp98NgR657YDv0G6zpLmty4RyV-RBu7zOnJ-Xw_07qNDrtw4YfNHeRAvo4hDYZwUwaka2qMhYjTq4jDDQyN44FYzKGkyIhQpZJd4f54E4DA:1vyX8B:HStwkLh5xbPUt3PYmnY_ebZpvI44kJaHGiWwS9zP6Ks','2026-03-20 15:30:23.699550');
INSERT INTO "django_session" VALUES('52fri109da43mj7w48y1fs78cswbonwt','.eJxVjDEOgzAQBP_iOrLANphLmZ43WHe-c0wSYQlDFeXvAYkiKbbZmd23CritOWxVljCxuiqvLr8dYXzKfAB-4HwvOpZ5XSbSh6JPWvVYWF630_07yFjzvoaBOxcTWxQgRPEDOyEQBtqD6FwPLRuDjWsTeYrYNQkNp96STQzq8wUsZTm8:1vyXBP:JtLYw0poT6Z-ZRIfeSngtHTN7OhRACrudyQa53B6FjM','2026-03-20 15:33:43.684256');
INSERT INTO "django_session" VALUES('voig6fx1rs5opzjjfkfcj4c4o89zodb6','.eJxVjDkOwjAUBe_iGlmJd1PScwbrLzYOIEeKkwpxd4iUAto3M-8lEmxrTVvPS5pYnIUTp98NgR657YDv0G6zpLmty4RyV-RBu7zOnJ-Xw_07qNDrtw4YfNHeRAvo4hDYZwUwaka2qMhYjTq4jDDQyN44FYzKGkyIhQpZJd4f54E4DA:1vyXFg:1W7T3xXW28K2nfr7mQqt7J301TrCBCepNpJ6KksON4g','2026-03-20 15:38:08.277934');
INSERT INTO "django_session" VALUES('wcjnhtdoyafcbzbw3rnb8kz7eu9aidg8','.eJxVjDEOgzAQBP_iOrLANphLmZ43WHe-c0wSYQlDFeXvAYkiKbbZmd23CritOWxVljCxuiqvLr8dYXzKfAB-4HwvOpZ5XSbSh6JPWvVYWF630_07yFjzvoaBOxcTWxQgRPEDOyEQBtqD6FwPLRuDjWsTeYrYNQkNp96STQzq8wUsZTm8:1vyXFr:AzAbGe1QCelVhwbaerZx5CEqyV23HonGFTLM_oaJLjI','2026-03-20 15:38:19.285382');
INSERT INTO "django_session" VALUES('hmzy6tt35j4naf9u27oafpjem0fiasnf','.eJxVjDkOwjAUBe_iGlmJd1PScwbrLzYOIEeKkwpxd4iUAto3M-8lEmxrTVvPS5pYnIUTp98NgR657YDv0G6zpLmty4RyV-RBu7zOnJ-Xw_07qNDrtw4YfNHeRAvo4hDYZwUwaka2qMhYjTq4jDDQyN44FYzKGkyIhQpZJd4f54E4DA:1vyXMc:WfEhR0JQfezx13x8oS2IN7O0e5YpJF6q8zFfLGQkX_E','2026-03-20 15:45:18.661360');
INSERT INTO "django_session" VALUES('5l2lk4xlfdfll95jdyduwfbvltmzpdo3','.eJxVjDEOgzAQBP_iOrLANphLmZ43WHe-c0wSYQlDFeXvAYkiKbbZmd23CritOWxVljCxuiqvLr8dYXzKfAB-4HwvOpZ5XSbSh6JPWvVYWF630_07yFjzvoaBOxcTWxQgRPEDOyEQBtqD6FwPLRuDjWsTeYrYNQkNp96STQzq8wUsZTm8:1vyXN7:QQIXEmpzpTBYInAGwUdUlnWGtroTU3gQrBAsA3N9AY0','2026-03-20 15:45:49.993116');
CREATE TABLE "exams_attempt" ("id" serial PRIMARY KEY , "attempt_number" integer NOT NULL, "counts_for_score" boolean NOT NULL, "status" varchar(20) NOT NULL, "score_obtained" integer NOT NULL, "started_at" timestamp with time zone NOT NULL, "last_activity_at" timestamp with time zone NOT NULL, "completed_at" timestamp with time zone NULL, "user_id" bigint NOT NULL REFERENCES "users_user" ("id") DEFERRABLE INITIALLY DEFERRED, "exam_id" bigint NOT NULL REFERENCES "exams_exam" ("id") DEFERRABLE INITIALLY DEFERRED);
CREATE TABLE "exams_attemptanswer" ("id" serial PRIMARY KEY , "is_correct" boolean NOT NULL, "points_obtained" integer NOT NULL, "answered_at" timestamp with time zone NOT NULL, "attempt_id" bigint NOT NULL REFERENCES "exams_attempt" ("id") DEFERRABLE INITIALLY DEFERRED, "question_id" bigint NOT NULL REFERENCES "exams_question" ("id") DEFERRABLE INITIALLY DEFERRED, "selected_option_id" bigint NULL REFERENCES "exams_option" ("id") DEFERRABLE INITIALLY DEFERRED, "text_response" text NULL);
CREATE TABLE "exams_attemptanswer_selected_options" ("id" serial PRIMARY KEY , "attemptanswer_id" bigint NOT NULL REFERENCES "exams_attemptanswer" ("id") DEFERRABLE INITIALLY DEFERRED, "option_id" bigint NOT NULL REFERENCES "exams_option" ("id") DEFERRABLE INITIALLY DEFERRED);
CREATE TABLE "exams_attemptquestion" ("id" serial PRIMARY KEY , "order_number" integer NOT NULL, "attempt_id" bigint NOT NULL REFERENCES "exams_attempt" ("id") DEFERRABLE INITIALLY DEFERRED, "question_id" bigint NOT NULL REFERENCES "exams_question" ("id") DEFERRABLE INITIALLY DEFERRED);
CREATE TABLE "exams_exam" ("id" serial PRIMARY KEY , "name" varchar(200) NOT NULL, "description" text NOT NULL, "bank_total_questions" integer NOT NULL, "questions_per_attempt" integer NOT NULL, "max_scored_attempts" integer NOT NULL, "max_points" integer NOT NULL, "is_active" boolean NOT NULL, "created_at" timestamp with time zone NOT NULL, "is_enabled" boolean NOT NULL);
INSERT INTO "exams_exam" VALUES(15,'Conociendo MiBonito','Evalúa tu manejo de MiBonito para gestionar bonificaciones y anticipar riesgos.',20,10,3,100,1,'2026-03-06 15:47:51.376215',1);
INSERT INTO "exams_exam" VALUES(16,'Teórico de Productividad','Evalúa conocimientos sobre gestión de clientes, prevención de riesgos y control de indicadores.',20,10,3,100,1,'2026-03-06 15:47:51.821459',1);
CREATE TABLE "exams_option" ("id" serial PRIMARY KEY , "text" varchar(255) NOT NULL, "is_correct" boolean NOT NULL, "question_id" bigint NOT NULL REFERENCES "exams_question" ("id") DEFERRABLE INITIALLY DEFERRED);
INSERT INTO "exams_option" VALUES(602,'Para imprimir estados de cuenta del cliente',0,193);
INSERT INTO "exams_option" VALUES(603,'Para solicitar vacaciones y permisos',0,193);
INSERT INTO "exams_option" VALUES(604,'Para cambiar la tasa del crédito',0,193);
INSERT INTO "exams_option" VALUES(605,'Para gestionar variables del bono con seguimiento, alertas y detalle accionable',1,193);
INSERT INTO "exams_option" VALUES(606,'Muestra únicamente clientes en mora > 90 días',0,194);
INSERT INTO "exams_option" VALUES(607,'Muestra el avance actualizado al día anterior de tus variables y bonificación',1,194);
INSERT INTO "exams_option" VALUES(608,'Solo muestra el resultado final del cierre de mes',0,194);
INSERT INTO "exams_option" VALUES(609,'Resumir el resultado total del mes y el cierre de tu bonificación variable',1,195);
INSERT INTO "exams_option" VALUES(610,'Mostrar solo la adopción digital por agencia',0,195);
INSERT INTO "exams_option" VALUES(611,'Alertarte sobre clientes por vencer hoy',0,195);
INSERT INTO "exams_option" VALUES(612,'Que el analista espere a fin de mes para recién gestionar',0,196);
INSERT INTO "exams_option" VALUES(613,'Que el analista solo revise indicadores sin intervenir',0,196);
INSERT INTO "exams_option" VALUES(614,'Que el analista actúe antes del cierre para evitar penalidades o activar beneficios',1,196);
INSERT INTO "exams_option" VALUES(615,'El detalle de seguros vendidos por operaciones',0,197);
INSERT INTO "exams_option" VALUES(616,'Si activaste (o estás por activar) un factor adicional en fechas clave (Día 10/13/15)',1,197);
INSERT INTO "exams_option" VALUES(617,'Tu ranking institucional de adopción digital',0,197);
INSERT INTO "exams_option" VALUES(618,'Para registrar desembolsos del sistema core',0,198);
INSERT INTO "exams_option" VALUES(619,'Para cambiar metas del bono del analista',0,198);
INSERT INTO "exams_option" VALUES(620,'Para ver el listado de casos/cliente con montos y días, y priorizar acciones',1,198);
INSERT INTO "exams_option" VALUES(621,'Captura de pantalla del sistema',0,199);
INSERT INTO "exams_option" VALUES(622,'Solicitud por autoservicio (asunto de correo)',1,199);
INSERT INTO "exams_option" VALUES(623,'Llamada telefónica al área de TI',0,199);
INSERT INTO "exams_option" VALUES(624,'Solo sirve para ver gráficos bonitos',0,200);
INSERT INTO "exams_option" VALUES(625,'Ninguno, porque el bono se calcula una sola vez al final',0,200);
INSERT INTO "exams_option" VALUES(626,'Permite anticipar riesgo, corregir gestión y maximizar el resultado final',1,200);
INSERT INTO "exams_option" VALUES(627,'Aumentar automáticamente el monto del bono por cumplimiento',0,201);
INSERT INTO "exams_option" VALUES(628,'Focalizar gestión en clientes con riesgo crítico y evitar castigo/penalidad',1,201);
INSERT INTO "exams_option" VALUES(629,'Cambiar el tipo de producto del cliente',0,201);
INSERT INTO "exams_option" VALUES(630,'Revisar una vez al mes y no hacer seguimiento',0,202);
INSERT INTO "exams_option" VALUES(631,'Consultar reportes/alertas, priorizar casos críticos y ejecutar acciones de gestión',1,202);
INSERT INTO "exams_option" VALUES(632,'Solo usar Mi Bonito cuando el jefe lo pida',0,202);
INSERT INTO "exams_option" VALUES(633,'mibonito@cajarequipa.pe',1,203);
INSERT INTO "exams_option" VALUES(634,'bonito@cajarequipa.pe',0,203);
INSERT INTO "exams_option" VALUES(635,'mibono@cajarequipa.pe',0,203);
INSERT INTO "exams_option" VALUES(636,'soporte_bonito@cajarequipa.pe',0,203);
INSERT INTO "exams_option" VALUES(637,'Generar reportes automáticos en razón.',0,204);
INSERT INTO "exams_option" VALUES(638,'Anticipar riesgos que afecten la bonificación y ayudarte a tener tu mejor bono.',1,204);
INSERT INTO "exams_option" VALUES(639,'Registrar clientes castigados y morosos.',0,204);
INSERT INTO "exams_option" VALUES(640,'Mostrar información histórica de tu gestión.',0,204);
INSERT INTO "exams_option" VALUES(641,'Reporte del mes de enero',0,205);
INSERT INTO "exams_option" VALUES(642,'Mi bonito cierre enero',0,205);
INSERT INTO "exams_option" VALUES(643,'Mi bonito enero',1,205);
INSERT INTO "exams_option" VALUES(644,'Mi bonito al 31.01.2025',0,205);
INSERT INTO "exams_option" VALUES(645,'Mi bonito a ayer',0,206);
INSERT INTO "exams_option" VALUES(646,'Consulta de bonos',0,206);
INSERT INTO "exams_option" VALUES(647,'Mi cartilla bonito',0,206);
INSERT INTO "exams_option" VALUES(648,'Mi bonito este',1,206);
INSERT INTO "exams_option" VALUES(649,'Clientes que ya están en mora',0,207);
INSERT INTO "exams_option" VALUES(650,'Clientes con cuotas próximas a vencer hoy y los próximos tres días',1,207);
INSERT INTO "exams_option" VALUES(651,'Solo el monto total de cartera',0,207);
INSERT INTO "exams_option" VALUES(652,'Créditos castigados',0,207);
INSERT INTO "exams_option" VALUES(653,'30-60',0,208);
INSERT INTO "exams_option" VALUES(654,'Clientes en el rango mayor a 90 y adicional del rango 61-90',1,208);
INSERT INTO "exams_option" VALUES(655,'Clientes en el rango mayor a 90',0,208);
INSERT INTO "exams_option" VALUES(656,'Clientes que están próximos a vencer sus cuotas',0,208);
INSERT INTO "exams_option" VALUES(657,'Para recordarme que existe el factor',1,209);
INSERT INTO "exams_option" VALUES(658,'Para avisarme cuánto me falta para estar positivo en los días clave',1,209);
INSERT INTO "exams_option" VALUES(659,'Para avisarme qué días de la semana caen 10, 13 y 15',1,209);
INSERT INTO "exams_option" VALUES(660,'Para avisarme que llegué a estar positivo y obtuve factor',1,209);
INSERT INTO "exams_option" VALUES(661,'Me llegará al correo como alerta',0,210);
INSERT INTO "exams_option" VALUES(662,'Autoservicio de mi contención',0,210);
INSERT INTO "exams_option" VALUES(663,'Bono Día 15',0,210);
INSERT INTO "exams_option" VALUES(664,'Debajo de la cartilla de recomendación de Mi Bonito',1,210);
INSERT INTO "exams_option" VALUES(665,'Bono retención a 30 días',1,211);
INSERT INTO "exams_option" VALUES(666,'Bono día 15',1,211);
INSERT INTO "exams_option" VALUES(667,'Bono nuevas ventas micro',1,211);
INSERT INTO "exams_option" VALUES(668,'Cartera al día',1,211);
INSERT INTO "exams_option" VALUES(669,'Bono clientes',1,211);
INSERT INTO "exams_option" VALUES(670,'Pase a 90 días',1,211);
INSERT INTO "exams_option" VALUES(671,'+90',0,213);
INSERT INTO "exams_option" VALUES(672,'Mora 61–90',0,213);
INSERT INTO "exams_option" VALUES(673,'Mora 0–30',1,213);
INSERT INTO "exams_option" VALUES(674,'Cartera al día (0 días)',0,213);
INSERT INTO "exams_option" VALUES(675,'Gestionar preventivamente a los próximos a vencer y los 0–8 días de atraso',1,214);
INSERT INTO "exams_option" VALUES(676,'Esperar que los clientes paguen solos',0,214);
INSERT INTO "exams_option" VALUES(677,'Solo gestionar clientes +90 días',0,214);
INSERT INTO "exams_option" VALUES(678,'Cliente con 20 días de atraso',0,215);
INSERT INTO "exams_option" VALUES(679,'Cliente con 92 días de atraso',1,215);
INSERT INTO "exams_option" VALUES(680,'Cliente con 75 días de atraso',0,215);
INSERT INTO "exams_option" VALUES(681,'70%',0,216);
INSERT INTO "exams_option" VALUES(682,'60%',0,216);
INSERT INTO "exams_option" VALUES(683,'75%',0,216);
INSERT INTO "exams_option" VALUES(684,'80%',1,216);
INSERT INTO "exams_option" VALUES(685,'7',0,217);
INSERT INTO "exams_option" VALUES(686,'6',0,217);
INSERT INTO "exams_option" VALUES(687,'8',1,217);
INSERT INTO "exams_option" VALUES(688,'9',0,217);
INSERT INTO "exams_option" VALUES(689,'Negativo al Día 10 y Día 13',0,218);
INSERT INTO "exams_option" VALUES(690,'Positivo en crecimiento en fechas clave (Día 10/13/15)',1,218);
INSERT INTO "exams_option" VALUES(691,'Con mora >90 en cero siempre',0,218);
INSERT INTO "exams_option" VALUES(692,'Cumplir el crecimiento mínimo (100% del mínimo) al cierre del mes',1,219);
INSERT INTO "exams_option" VALUES(693,'Tener 0 clientes en 31–60',0,219);
INSERT INTO "exams_option" VALUES(694,'Tener 1 seguro vigente',0,219);
INSERT INTO "exams_option" VALUES(695,'70%',0,220);
INSERT INTO "exams_option" VALUES(696,'80%',1,220);
INSERT INTO "exams_option" VALUES(697,'90%',0,220);
INSERT INTO "exams_option" VALUES(698,'Gestionar vencimientos antes de la fecha',0,221);
INSERT INTO "exams_option" VALUES(699,'Dejar acumular atrasos y recién llamar después de varios días',1,221);
INSERT INTO "exams_option" VALUES(700,'Priorizar 0–8 y 30–60 según riesgo',0,221);
INSERT INTO "exams_option" VALUES(701,'Mejora, porque reduces casos con atraso',1,222);
INSERT INTO "exams_option" VALUES(702,'No cambia nunca',0,222);
INSERT INTO "exams_option" VALUES(703,'Empeora, porque aumentan los atrasos',0,222);
INSERT INTO "exams_option" VALUES(704,'Enfocar 0–8 y 30–60 para evitar escalamiento a 61–90 y +90',1,223);
INSERT INTO "exams_option" VALUES(705,'Enfocar solo +90 (cuando ya ocurrió el daño)',0,223);
INSERT INTO "exams_option" VALUES(706,'Mejorar tu bono de clientes',0,224);
INSERT INTO "exams_option" VALUES(707,'Volver automáticamente a 0 días',0,224);
INSERT INTO "exams_option" VALUES(708,'Pasar a +90 y activar penalidad',1,224);
INSERT INTO "exams_option" VALUES(709,'Cross selling',0,225);
INSERT INTO "exams_option" VALUES(710,'Bono Clientes',0,225);
INSERT INTO "exams_option" VALUES(711,'Pase a 90',1,225);
INSERT INTO "exams_option" VALUES(712,'Pase a 90',0,226);
INSERT INTO "exams_option" VALUES(713,'Bono Clientes',1,226);
INSERT INTO "exams_option" VALUES(714,'Cartera al Día',0,226);
INSERT INTO "exams_option" VALUES(715,'Segmentación por tipo de seguro',0,227);
INSERT INTO "exams_option" VALUES(716,'Segmentación por días de atraso (mora)',1,227);
INSERT INTO "exams_option" VALUES(717,'Segmentación por antigüedad del analista',0,227);
INSERT INTO "exams_option" VALUES(718,'Contactar primero los casos +90 por mayor impacto y monto',1,228);
INSERT INTO "exams_option" VALUES(719,'Esperar a que el sistema lo corrija',0,228);
INSERT INTO "exams_option" VALUES(720,'Ignorar +90 y empezar por 0 días',0,228);
INSERT INTO "exams_option" VALUES(721,'Se considera desgravamen dentro del porcentaje',0,229);
INSERT INTO "exams_option" VALUES(722,'Solo cuentan seguros vendidos por el analista, no por operaciones',0,229);
INSERT INTO "exams_option" VALUES(723,'Se consideran seguros vigentes asociados al stock (excepto desgravamen)',1,229);
INSERT INTO "exams_option" VALUES(724,'Pierdes el bono automáticamente',0,230);
INSERT INTO "exams_option" VALUES(725,'Podrías sumar bonificación por cliente incremental (según tabla)',1,230);
INSERT INTO "exams_option" VALUES(726,'Solo afecta Cartera al Día, no Clientes',0,230);
INSERT INTO "exams_option" VALUES(727,'Revisar alertas + usar detalle + ejecutar gestión durante el mes',1,231);
INSERT INTO "exams_option" VALUES(728,'Esperar cierre mensual + gestionar después',0,231);
INSERT INTO "exams_option" VALUES(729,'Revisar solo cuando hay reclamo',0,231);
INSERT INTO "exams_option" VALUES(730,'Gestión aleatoria',0,232);
INSERT INTO "exams_option" VALUES(731,'Gestión reactiva',0,232);
INSERT INTO "exams_option" VALUES(732,'Gestión preventiva',1,232);
CREATE TABLE "exams_question" ("id" serial PRIMARY KEY , "text" text NOT NULL, "image" varchar(100) NULL, "points" integer NOT NULL, "time_limit_seconds" integer NOT NULL, "exam_id" bigint NOT NULL REFERENCES "exams_exam" ("id") DEFERRABLE INITIALLY DEFERRED, "question_type" varchar(20) NOT NULL);
INSERT INTO "exams_question" VALUES(193,'¿Para qué sirve principalmente Mi Bonito en el día a día del analista?','',10,60,15,'single_choice');
INSERT INTO "exams_question" VALUES(194,'¿Qué caracteriza al reporte “Mi Bonito Vigente”?','',10,60,15,'single_choice');
INSERT INTO "exams_question" VALUES(195,'¿Cuál es el objetivo del reporte “Mi Bonito Mensual”?','',10,60,15,'single_choice');
INSERT INTO "exams_question" VALUES(196,'¿Qué acción esperada busca una “alerta” en Mi Bonito?','',10,60,15,'single_choice');
INSERT INTO "exams_question" VALUES(197,'¿Qué te comunica la alerta “Bono Día 15”?','',10,60,15,'single_choice');
INSERT INTO "exams_question" VALUES(198,'¿Para qué sirve un “Detalle” (por ejemplo, Detalle Mora o Detalle Retención)?','',10,60,15,'single_choice');
INSERT INTO "exams_question" VALUES(199,'Si quieres recibir automáticamente tus reportes por correo, ¿qué mecanismo usas?','',10,60,15,'single_choice');
INSERT INTO "exams_question" VALUES(200,'¿Cuál es el valor de revisar alertas durante el mes (y no solo al cierre)?','',10,60,15,'single_choice');
INSERT INTO "exams_question" VALUES(201,'Una alerta “Pase a 90” se usa principalmente para...','',10,60,15,'single_choice');
INSERT INTO "exams_question" VALUES(202,'¿Qué describe mejor el “día a día” recomendado con Mi Bonito?','',10,60,15,'single_choice');
INSERT INTO "exams_question" VALUES(203,'¿A qué correos envían las solicitudes de autoservicio de Mi Bonito?','',10,60,15,'single_choice');
INSERT INTO "exams_question" VALUES(204,'¿Cuál es el objetivo principal de las alertas de Mi Bonito?','',10,60,15,'single_choice');
INSERT INTO "exams_question" VALUES(205,'Si deseas conocer el resultado total de tu bonificación del mes de enero, ¿qué debes colocar en el asunto?','',10,60,15,'single_choice');
INSERT INTO "exams_question" VALUES(206,'¿Qué debes colocar en el asunto del correo para recibir tu cartilla de Mi Bonito actualizada al día anterior?','',10,60,15,'single_choice');
INSERT INTO "exams_question" VALUES(207,'¿Qué tipo de información entregará la alerta de cartera al día?','',10,60,15,'single_choice');
INSERT INTO "exams_question" VALUES(208,'¿Qué tipo de información entregará la alerta de pase a 90?','',10,60,15,'single_choice');
INSERT INTO "exams_question" VALUES(209,'¿Para qué te servirán las alertas del bono día 15?','',10,60,15,'multiple_choice');
INSERT INTO "exams_question" VALUES(210,'¿Dónde podrás encontrar tus clientes a gestionar en contención de 0 a 30?','',10,60,15,'single_choice');
INSERT INTO "exams_question" VALUES(211,'¿Cuál es la variable que se te dificulta más comprender en la nueva remuneración variable?','',10,60,15,'single_choice');
INSERT INTO "exams_question" VALUES(212,'Sugerencia de qué otra información adicional te gustaría recibir para tu gestión de productividad en el mes 💪🏻(Opcional)','',10,60,15,'open_ended');
INSERT INTO "exams_question" VALUES(213,'Un cliente con 3 días de atraso se clasifica en…','',5,60,16,'single_choice');
INSERT INTO "exams_question" VALUES(214,'¿Cuál acción protege mejor tu indicador de “Cartera al Día”?','',5,60,16,'single_choice');
INSERT INTO "exams_question" VALUES(215,'En “Pase a 90”, ¿qué caso es más crítico por impacto de penalidad?','',5,60,16,'single_choice');
INSERT INTO "exams_question" VALUES(216,'Si tienes 10 clientes y 8 tienen seguros vigentes (excluyendo desgravamen), tu cross selling es:','',5,60,16,'single_choice');
INSERT INTO "exams_question" VALUES(217,'Con 10 clientes, ¿cuántos seguros mínimos necesitas para llegar al 75% de cross selling?','',5,60,16,'single_choice');
INSERT INTO "exams_question" VALUES(218,'“Bono Día 15” se activa cuando el analista está…','',5,60,16,'single_choice');
INSERT INTO "exams_question" VALUES(219,'Si activaste factor en Día 15, ¿qué condición debe cumplirse para que sea válido al cierre?','',5,60,16,'single_choice');
INSERT INTO "exams_question" VALUES(220,'Si tu crecimiento mínimo es S/ 10,000 y llevas S/ 8,000, tu % de cumplimiento del mínimo es:','',5,60,16,'single_choice');
INSERT INTO "exams_question" VALUES(221,'¿Cuál escenario suele aumentar el riesgo de caer en penalidad de “Cartera al Día”?','',5,60,16,'single_choice');
INSERT INTO "exams_question" VALUES(222,'Si hoy recuperas 2 créditos en mora 0–30, el efecto esperado en tu cartera es:','',5,60,16,'single_choice');
INSERT INTO "exams_question" VALUES(223,'En gestión de riesgo, ¿qué es más preventivo?','',5,60,16,'single_choice');
INSERT INTO "exams_question" VALUES(224,'Si un cliente está en 89 días y no se gestiona, el riesgo inmediato es...','',5,60,16,'single_choice');
INSERT INTO "exams_question" VALUES(225,'¿Qué variable se asocia más directamente a “calidad / riesgo” dentro del bono?','',5,60,16,'single_choice');
INSERT INTO "exams_question" VALUES(226,'¿Cuál variable está más relacionada a “gestión de clientes” (inclusión/actividad)?','',5,60,16,'single_choice');
INSERT INTO "exams_question" VALUES(227,'Si un reporte muestra tramos 30–60, 61–90 y +90, ¿a qué se refiere?','',5,60,16,'single_choice');
INSERT INTO "exams_question" VALUES(228,'Si una alerta te indica “penalidad activa por +90”, la prioridad más lógica es:','',5,60,16,'single_choice');
INSERT INTO "exams_question" VALUES(229,'¿Qué afirmación es correcta sobre cross selling en estas fijas?','',5,60,16,'single_choice');
INSERT INTO "exams_question" VALUES(230,'Si tu indicador de clientes está en 100% y agregas clientes adicionales, el efecto esperado es:','',5,60,16,'single_choice');
INSERT INTO "exams_question" VALUES(231,'¿Qué combinación es más coherente con “gestión oportuna”?','',5,60,16,'single_choice');
INSERT INTO "exams_question" VALUES(232,'Si en una semana evitaste que 3 clientes caigan en mora gestionando antes del vencimiento, eso es:','',5,60,16,'single_choice');
CREATE TABLE "users_rank" ("id" serial PRIMARY KEY , "name" varchar(50) NOT NULL, "min_score" integer NOT NULL, "max_score" integer NOT NULL, "description" text NOT NULL, "badge_image" varchar(100) NULL);
INSERT INTO "users_rank" VALUES(1,'Novato',0,100,'','');
INSERT INTO "users_rank" VALUES(2,'Aprendiz',501,1500,'Ya conoces lo básico.','');
INSERT INTO "users_rank" VALUES(3,'Experto',1501,3000,'Dominas la plataforma.','');
INSERT INTO "users_rank" VALUES(4,'Maestro',3001,1000000,'Eres un referente.','');
CREATE TABLE "users_user" ("id" serial PRIMARY KEY , "password" varchar(128) NOT NULL, "last_login" timestamp with time zone NULL, "is_superuser" boolean NOT NULL, "username" varchar(150) NOT NULL UNIQUE, "first_name" varchar(150) NOT NULL, "last_name" varchar(150) NOT NULL, "email" varchar(254) NOT NULL, "is_staff" boolean NOT NULL, "is_active" boolean NOT NULL, "date_joined" timestamp with time zone NOT NULL, "total_score" integer NOT NULL, "current_rank_id" bigint NULL REFERENCES "users_rank" ("id") DEFERRABLE INITIALLY DEFERRED, "dni" varchar(20) NOT NULL);
INSERT INTO "users_user" VALUES(6,'pbkdf2_sha256$1000000$pM7v4rw3bmskIQ4qO6t1QQ$nHk6/FFlNOdcYFTQP/+NzwviQhYAi1BQQPNkVTH1VnY=','2026-03-06 15:45:18.652624',1,'admin','','','admin@example.com',1,1,'2026-03-04 16:35:45.843066',0,NULL,'12345678');
INSERT INTO "users_user" VALUES(7,'pbkdf2_sha256$1000000$6k97LFHMaGd2YtI6s5ZHDj$MkLw0lSiWEWyVBk9nf2Bue2F6U6dM+OkEhrpFu9VPos=','2026-03-06 15:45:49.986084',0,'usuario','','','usuario@example.com',0,1,'2026-03-04 16:35:46.411650',690,2,'87654321');
CREATE TABLE "users_user_groups" ("id" serial PRIMARY KEY , "user_id" bigint NOT NULL REFERENCES "users_user" ("id") DEFERRABLE INITIALLY DEFERRED, "group_id" integer NOT NULL REFERENCES "auth_group" ("id") DEFERRABLE INITIALLY DEFERRED);
CREATE TABLE "users_user_user_permissions" ("id" serial PRIMARY KEY , "user_id" bigint NOT NULL REFERENCES "users_user" ("id") DEFERRABLE INITIALLY DEFERRED, "permission_id" integer NOT NULL REFERENCES "auth_permission" ("id") DEFERRABLE INITIALLY DEFERRED);
CREATE UNIQUE INDEX "django_content_type_app_label_model_76bd3d3b_uniq" ON "django_content_type" ("app_label", "model");
CREATE UNIQUE INDEX "auth_group_permissions_group_id_permission_id_0cd325b0_uniq" ON "auth_group_permissions" ("group_id", "permission_id");
CREATE INDEX "auth_group_permissions_group_id_b120cbf9" ON "auth_group_permissions" ("group_id");
CREATE INDEX "auth_group_permissions_permission_id_84c5c92e" ON "auth_group_permissions" ("permission_id");
CREATE UNIQUE INDEX "auth_permission_content_type_id_codename_01ab375a_uniq" ON "auth_permission" ("content_type_id", "codename");
CREATE INDEX "auth_permission_content_type_id_2f476e4b" ON "auth_permission" ("content_type_id");
CREATE UNIQUE INDEX "users_user_groups_user_id_group_id_b88eab82_uniq" ON "users_user_groups" ("user_id", "group_id");
CREATE INDEX "users_user_groups_user_id_5f6f5a90" ON "users_user_groups" ("user_id");
CREATE INDEX "users_user_groups_group_id_9afc8d0e" ON "users_user_groups" ("group_id");
CREATE UNIQUE INDEX "users_user_user_permissions_user_id_permission_id_43338c45_uniq" ON "users_user_user_permissions" ("user_id", "permission_id");
CREATE INDEX "users_user_user_permissions_user_id_20aca447" ON "users_user_user_permissions" ("user_id");
CREATE INDEX "users_user_user_permissions_permission_id_0b93982e" ON "users_user_user_permissions" ("permission_id");
CREATE INDEX "django_admin_log_content_type_id_c4bce8eb" ON "django_admin_log" ("content_type_id");
CREATE INDEX "django_admin_log_user_id_c564eba6" ON "django_admin_log" ("user_id");
CREATE INDEX "exams_attempt_user_id_198d032c" ON "exams_attempt" ("user_id");
CREATE INDEX "exams_attempt_exam_id_3d78bf6c" ON "exams_attempt" ("exam_id");
CREATE INDEX "exams_attemptquestion_attempt_id_70665b66" ON "exams_attemptquestion" ("attempt_id");
CREATE INDEX "exams_attemptquestion_question_id_70568c8a" ON "exams_attemptquestion" ("question_id");
CREATE INDEX "django_session_expire_date_a5c62663" ON "django_session" ("expire_date");
CREATE INDEX "users_user_current_rank_id_f4a82a4d" ON "users_user" ("current_rank_id");
CREATE INDEX "exams_option_question_id_4798e774" ON "exams_option" ("question_id");
CREATE INDEX "exams_attemptanswer_attempt_id_5d590e07" ON "exams_attemptanswer" ("attempt_id");
CREATE INDEX "exams_attemptanswer_question_id_5c770688" ON "exams_attemptanswer" ("question_id");
CREATE INDEX "exams_attemptanswer_selected_option_id_9801d636" ON "exams_attemptanswer" ("selected_option_id");
CREATE UNIQUE INDEX "exams_attemptanswer_selected_options_attemptanswer_id_option_id_f0b15a0f_uniq" ON "exams_attemptanswer_selected_options" ("attemptanswer_id", "option_id");
CREATE INDEX "exams_attemptanswer_selected_options_attemptanswer_id_cfd66a9e" ON "exams_attemptanswer_selected_options" ("attemptanswer_id");
CREATE INDEX "exams_attemptanswer_selected_options_option_id_ebf50f16" ON "exams_attemptanswer_selected_options" ("option_id");
CREATE INDEX "exams_question_exam_id_85081c44" ON "exams_question" ("exam_id");
CREATE UNIQUE INDEX "exams_attemptanswer_attempt_id_question_id_3e3efa61_uniq" ON "exams_attemptanswer" ("attempt_id", "question_id");
