-- seed.sql
-- Inserción de usuarios con contraseñas hasheadas en PBKDF2
INSERT INTO users_user (id, password, is_superuser, username, email, is_staff, is_active, date_joined, dni, points, current_streak, first_name, last_name) VALUES
(1, 'pbkdf2_sha256$720000$t7xP8jP$1a2b3c4d5e6f7g8h9i0j1k2l3m4n5o6p=', true, 'admin', 'admin@example.com', true, true, CURRENT_TIMESTAMP, '12345678', 0, 0, '', ''),
(2, 'pbkdf2_sha256$720000$yR9zK1m$a9s8d7f6g5h4j3k2l1m0n9b8v7c6x5z4=', false, 'usuario', 'usuario@example.com', false, true, CURRENT_TIMESTAMP, '87654321', 0, 0, '', '');

-- Inserción de Exámenes
INSERT INTO exams_exam (id, name, description, bank_total_questions, questions_per_attempt, max_scored_attempts, max_points, is_active, is_enabled, created_at, updated_at) VALUES
(1, 'Conociendo MiBonito', 'Evalúa tu manejo de MiBonito para gestionar bonificaciones y anticipar riesgos.', 20, 10, 3, 100, true, true, CURRENT_TIMESTAMP, CURRENT_TIMESTAMP),
(2, 'Teórico de Productividad', 'Evalúa conocimientos sobre gestión de clientes, prevención de riesgos y control de indicadores.', 20, 10, 3, 100, true, true, CURRENT_TIMESTAMP, CURRENT_TIMESTAMP);

-- Inserción de Preguntas
INSERT INTO exams_question (id, exam_id, text, points, time_limit_seconds, question_type) VALUES
(1, 1, '¿Para qué sirve principalmente Mi Bonito en el día a día del analista?', 10, 60, 'single_choice'),
(2, 1, '¿Qué caracteriza al reporte “Mi Bonito Vigente”?', 10, 60, 'single_choice'),
(3, 1, '¿Cuál es el objetivo del reporte “Mi Bonito Mensual”?', 10, 60, 'single_choice'),
(4, 1, '¿Qué acción esperada busca una “alerta” en Mi Bonito?', 10, 60, 'single_choice'),
(5, 1, '¿Qué te comunica la alerta “Bono Día 15”?', 10, 60, 'single_choice'),
(6, 1, '¿Para qué sirve un “Detalle” (por ejemplo, Detalle Mora o Detalle Retención)?', 10, 60, 'single_choice'),
(7, 1, 'Si quieres recibir automáticamente tus reportes por correo, ¿qué mecanismo usas?', 10, 60, 'single_choice'),
(8, 1, '¿Cuál es el valor de revisar alertas durante el mes (y no solo al cierre)?', 10, 60, 'single_choice'),
(9, 1, 'Una alerta “Pase a 90” se usa principalmente para...', 10, 60, 'single_choice'),
(10, 1, '¿Qué describe mejor el “día a día” recomendado con Mi Bonito?', 10, 60, 'single_choice'),
(11, 1, '¿A qué correos envían las solicitudes de autoservicio de Mi Bonito?', 10, 60, 'single_choice'),
(12, 1, '¿Cuál es el objetivo principal de las alertas de Mi Bonito?', 10, 60, 'single_choice'),
(13, 1, 'Si deseas conocer el resultado total de tu bonificación del mes de enero, ¿qué debes colocar en el asunto?', 10, 60, 'single_choice'),
(14, 1, '¿Qué debes colocar en el asunto del correo para recibir tu cartilla de Mi Bonito actualizada al día anterior?', 10, 60, 'single_choice'),
(15, 1, '¿Qué tipo de información entregará la alerta de cartera al día?', 10, 60, 'single_choice'),
(16, 1, '¿Qué tipo de información entregará la alerta de pase a 90?', 10, 60, 'single_choice'),
(17, 1, '¿Para qué te servirán las alertas del bono día 15?', 10, 60, 'multiple_choice'),
(18, 1, '¿Dónde podrás encontrar tus clientes a gestionar en contención de 0 a 30?', 10, 60, 'single_choice'),
(19, 1, '¿Cuál es la variable que se te dificulta más comprender en la nueva remuneración variable?', 10, 60, 'single_choice'),
(20, 1, 'Sugerencia de qué otra información adicional te gustaría recibir para tu gestión de productividad en el mes 💪🏻(Opcional)', 10, 60, 'open_ended'),
(21, 2, 'Un cliente con 3 días de atraso se clasifica en…', 10, 60, 'single_choice'),
(22, 2, '¿Cuál acción protege mejor tu indicador de “Cartera al Día”?', 10, 60, 'single_choice'),
(23, 2, 'En “Pase a 90”, ¿qué caso es más crítico por impacto de penalidad?', 10, 60, 'single_choice'),
(24, 2, 'Si tienes 10 clientes y 8 tienen seguros vigentes (excluyendo desgravamen), tu cross selling es:', 10, 60, 'single_choice'),
(25, 2, 'Con 10 clientes, ¿cuántos seguros mínimos necesitas para llegar al 75% de cross selling?', 10, 60, 'single_choice'),
(26, 2, '“Bono Día 15” se activa cuando el analista está…', 10, 60, 'single_choice'),
(27, 2, 'Si activaste factor en Día 15, ¿qué condición debe cumplirse para que sea válido al cierre?', 10, 60, 'single_choice'),
(28, 2, 'Si tu crecimiento mínimo es S/ 10,000 y llevas S/ 8,000, tu % de cumplimiento del mínimo es:', 10, 60, 'single_choice'),
(29, 2, '¿Cuál escenario suele aumentar el riesgo de caer en penalidad de “Cartera al Día”?', 10, 60, 'single_choice'),
(30, 2, 'Si hoy recuperas 2 créditos en mora 0–30, el efecto esperado en tu cartera es:', 10, 60, 'single_choice'),
(31, 2, 'En gestión de riesgo, ¿qué es más preventivo?', 10, 60, 'single_choice'),
(32, 2, 'Si un cliente está en 89 días y no se gestiona, el riesgo inmediato es...', 10, 60, 'single_choice'),
(33, 2, '¿Qué variable se asocia más directamente a “calidad / riesgo” dentro del bono?', 10, 60, 'single_choice'),
(34, 2, '¿Cuál variable está más relacionada a “gestión de clientes” (inclusión/actividad)?', 10, 60, 'single_choice'),
(35, 2, 'Si un reporte muestra tramos 30–60, 61–90 y +90, ¿a qué se refiere?', 10, 60, 'single_choice'),
(36, 2, 'Si una alerta te indica “penalidad activa por +90”, la prioridad más lógica es:', 10, 60, 'single_choice'),
(37, 2, '¿Qué afirmación es correcta sobre cross selling en estas fijas?', 10, 60, 'single_choice'),
(38, 2, 'Si tu indicador de clientes está en 100% y agregas clientes adicionales, el efecto esperado es:', 10, 60, 'single_choice'),
(39, 2, '¿Qué combinación es más coherente con “gestión oportuna”?', 10, 60, 'single_choice'),
(40, 2, 'Si en una semana evitaste que 3 clientes caigan en mora gestionando antes del vencimiento, eso es:', 10, 60, 'single_choice');

-- Inserción de Opciones
INSERT INTO exams_option (id, question_id, text, is_correct) VALUES
(1, 1, 'Para imprimir estados de cuenta del cliente', false),
(2, 1, 'Para gestionar variables del bono con seguimiento, alertas y detalle accionable', true),
(3, 1, 'Para cambiar la tasa del crédito', false),
(4, 1, 'Para solicitar vacaciones y permisos', false),
(5, 2, 'Muestra únicamente clientes en mora > 90 días', false),
(6, 2, 'Muestra el avance actualizado al día anterior de tus variables y bonificación', true),
(7, 2, 'Solo muestra el resultado final del cierre de mes', false),
(8, 3, 'Alertarte sobre clientes por vencer hoy', false),
(9, 3, 'Resumir el resultado total del mes y el cierre de tu bonificación variable', true),
(10, 3, 'Mostrar solo la adopción digital por agencia', false),
(11, 4, 'Que el analista espere a fin de mes para recién gestionar', false),
(12, 4, 'Que el analista actúe antes del cierre para evitar penalidades o activar beneficios', true),
(13, 4, 'Que el analista solo revise indicadores sin intervenir', false),
(14, 5, 'Tu ranking institucional de adopción digital', false),
(15, 5, 'Si activaste (o estás por activar) un factor adicional en fechas clave (Día 10/13/15)', true),
(16, 5, 'El detalle de seguros vendidos por operaciones', false),
(17, 6, 'Para cambiar metas del bono del analista', false),
(18, 6, 'Para ver el listado de casos/cliente con montos y días, y priorizar acciones', true),
(19, 6, 'Para registrar desembolsos del sistema core', false),
(20, 7, 'Solicitud por autoservicio (asunto de correo)', true),
(21, 7, 'Captura de pantalla del sistema', false),
(22, 7, 'Llamada telefónica al área de TI', false),
(23, 8, 'Ninguno, porque el bono se calcula una sola vez al final', false),
(24, 8, 'Permite anticipar riesgo, corregir gestión y maximizar el resultado final', true),
(25, 8, 'Solo sirve para ver gráficos bonitos', false),
(26, 9, 'Focalizar gestión en clientes con riesgo crítico y evitar castigo/penalidad', true),
(27, 9, 'Aumentar automáticamente el monto del bono por cumplimiento', false),
(28, 9, 'Cambiar el tipo de producto del cliente', false),
(29, 10, 'Revisar una vez al mes y no hacer seguimiento', false),
(30, 10, 'Consultar reportes/alertas, priorizar casos críticos y ejecutar acciones de gestión', true),
(31, 10, 'Solo usar Mi Bonito cuando el jefe lo pida', false),
(32, 11, 'mibonito@cajarequipa.pe', true),
(33, 11, 'bonito@cajarequipa.pe', false),
(34, 11, 'soporte_bonito@cajarequipa.pe', false),
(35, 11, 'mibono@cajarequipa.pe', false),
(36, 12, 'Anticipar riesgos que afecten la bonificación y ayudarte a tener tu mejor bono.', true),
(37, 12, 'Mostrar información histórica de tu gestión.', false),
(38, 12, 'Registrar clientes castigados y morosos.', false),
(39, 12, 'Generar reportes automáticos en razón.', false),
(40, 13, 'Mi bonito enero', true),
(41, 13, 'Reporte del mes de enero', false),
(42, 13, 'Mi bonito al 31.01.2025', false),
(43, 13, 'Mi bonito cierre enero', false),
(44, 14, 'Mi cartilla bonito', false),
(45, 14, 'Mi bonito este', true),
(46, 14, 'Consulta de bonos', false),
(47, 14, 'Mi bonito a ayer', false),
(48, 15, 'Clientes con cuotas próximas a vencer hoy y los próximos tres días', true),
(49, 15, 'Créditos castigados', false),
(50, 15, 'Clientes que ya están en mora', false),
(51, 15, 'Solo el monto total de cartera', false),
(52, 16, 'Clientes en el rango mayor a 90 y adicional del rango 61-90', true),
(53, 16, 'Clientes en el rango mayor a 90', false),
(54, 16, 'Clientes que están próximos a vencer sus cuotas', false),
(55, 16, '30-60', false),
(56, 17, 'Para avisarme que llegué a estar positivo y obtuve factor', true),
(57, 17, 'Para avisarme cuánto me falta para estar positivo en los días clave', true),
(58, 17, 'Para avisarme qué días de la semana caen 10, 13 y 15', true),
(59, 17, 'Para recordarme que existe el factor', true),
(60, 18, 'Autoservicio de mi contención', false),
(61, 18, 'Debajo de la cartilla de recomendación de Mi Bonito', true),
(62, 18, 'Me llegará al correo como alerta', false),
(63, 18, 'Bono Día 15', false),
(64, 19, 'Bono retención a 30 días', true),
(65, 19, 'Cartera al día', true),
(66, 19, 'Bono nuevas ventas micro', true),
(67, 19, 'Bono clientes', true),
(68, 19, 'Bono día 15', true),
(69, 19, 'Pase a 90 días', true),
(70, 21, '+90', false),
(71, 21, 'Mora 61–90', false),
(72, 21, 'Mora 0–30', true),
(73, 21, 'Cartera al día (0 días)', false),
(74, 22, 'Gestionar preventivamente a los próximos a vencer y los 0–8 días de atraso', true),
(75, 22, 'Esperar que los clientes paguen solos', false),
(76, 22, 'Solo gestionar clientes +90 días', false),
(77, 23, 'Cliente con 92 días de atraso', true),
(78, 23, 'Cliente con 75 días de atraso', false),
(79, 23, 'Cliente con 20 días de atraso', false),
(80, 24, '70%', false),
(81, 24, '80%', true),
(82, 24, '60%', false),
(83, 24, '75%', false),
(84, 25, '6', false),
(85, 25, '8', true),
(86, 25, '7', false),
(87, 25, '9', false),
(88, 26, 'Positivo en crecimiento en fechas clave (Día 10/13/15)', true),
(89, 26, 'Con mora >90 en cero siempre', false),
(90, 26, 'Negativo al Día 10 y Día 13', false),
(91, 27, 'Cumplir el crecimiento mínimo (100% del mínimo) al cierre del mes', true),
(92, 27, 'Tener 1 seguro vigente', false),
(93, 27, 'Tener 0 clientes en 31–60', false),
(94, 28, '80%', true),
(95, 28, '70%', false),
(96, 28, '90%', false),
(97, 29, 'Dejar acumular atrasos y recién llamar después de varios días', true),
(98, 29, 'Priorizar 0–8 y 30–60 según riesgo', false),
(99, 29, 'Gestionar vencimientos antes de la fecha', false),
(100, 30, 'Mejora, porque reduces casos con atraso', true),
(101, 30, 'No cambia nunca', false),
(102, 30, 'Empeora, porque aumentan los atrasos', false),
(103, 31, 'Enfocar 0–8 y 30–60 para evitar escalamiento a 61–90 y +90', true),
(104, 31, 'Enfocar solo +90 (cuando ya ocurrió el daño)', false),
(105, 32, 'Pasar a +90 y activar penalidad', true),
(106, 32, 'Volver automáticamente a 0 días', false),
(107, 32, 'Mejorar tu bono de clientes', false),
(108, 33, 'Pase a 90', true),
(109, 33, 'Bono Clientes', false),
(110, 33, 'Cross selling', false),
(111, 34, 'Bono Clientes', true),
(112, 34, 'Pase a 90', false),
(113, 34, 'Cartera al Día', false),
(114, 35, 'Segmentación por días de atraso (mora)', true),
(115, 35, 'Segmentación por tipo de seguro', false),
(116, 35, 'Segmentación por antigüedad del analista', false),
(117, 36, 'Contactar primero los casos +90 por mayor impacto y monto', true),
(118, 36, 'Ignorar +90 y empezar por 0 días', false),
(119, 36, 'Esperar a que el sistema lo corrija', false),
(120, 37, 'Se consideran seguros vigentes asociados al stock (excepto desgravamen)', true),
(121, 37, 'Solo cuentan seguros vendidos por el analista, no por operaciones', false),
(122, 37, 'Se considera desgravamen dentro del porcentaje', false),
(123, 38, 'Podrías sumar bonificación por cliente incremental (según tabla)', true),
(124, 38, 'Pierdes el bono automáticamente', false),
(125, 38, 'Solo afecta Cartera al Día, no Clientes', false),
(126, 39, 'Revisar alertas + usar detalle + ejecutar gestión durante el mes', true),
(127, 39, 'Revisar solo cuando hay reclamo', false),
(128, 39, 'Esperar cierre mensual + gestionar después', false),
(129, 40, 'Gestión preventiva', true),
(130, 40, 'Gestión reactiva', false),
(131, 40, 'Gestión aleatoria', false);

-- ACTUALIZAR SECUENCIAS
SELECT setval('users_user_id_seq', (SELECT MAX(id) FROM users_user));
SELECT setval('exams_exam_id_seq', (SELECT MAX(id) FROM exams_exam));
SELECT setval('exams_question_id_seq', (SELECT MAX(id) FROM exams_question));
SELECT setval('exams_option_id_seq', (SELECT MAX(id) FROM exams_option));
